Nombre,Resumen generado por la IA,País,Entidad,Categoría,Disciplina Limpia,Inscripcion,Monto_USD,Mes,Accessibility
Residencia | Residencia de Creación en Artes Visuales con subvención,Residencia | Residencia de Creación en Artes Visuales con subvención,Canadá,Fondation Grantham,Residencia,Escénicas,Sin cargo,10000.0,Abril,Likely_International
Convocatoria | 22a. The Pollux Awards,Convocatoria | 22a. The Pollux Awards,Virtual,FotoNostrum Group,Convocatoria,Visuales,Pago,280.0,Abril,Likely_International
Convocatoria | FotoNostrum Portrait Award,Convocatoria | FotoNostrum Portrait Award,España,FotoNostrum,Convocatoria,Visuales,Pago,0.0,Abril,Likely_International
Convocatoria | Becas 2025 Museo del Prado,Convocatoria | Becas 2025 Museo del Prado,España,Museo del Prado,Beca,Otras,Sin cargo,0.0,Abril,International
Convocatoria| VI Premio Portfolio FotoNostrum,Convocatoria | VI Premio Portfolio FotoNostrum,España,Revista FotoNostrum,Convocatoria,Visuales,Pago,1698383.59,Abril,Likely_International
Beca | Matriz. Beca de Creación Interdisciplinaria en Artes Escénicas,Beca | Matriz. Beca de Creación Interdisciplinaria en Artes Escénicas,Portugal,Teatro-Cine de Torres Vedras. Ayuntamiento de Torres Vedras,Beca,Escénicas,Sin cargo,11794.33,Abril,Likely_International
Convocatoria | Common Grounds: Residencia para la Regeneración Urbana y Rural 2025,Convocatoria | Common Grounds: Residencia para la Regeneración Urbana y Rural 2025,Múltiples Países,"Citadelle de Marseille (FRA), Gradoscope (BG) y Fundación RIA (ESP)",Convocatoria,Escénicas,Sin cargo,0.0,Abril,Likely_International
Convocatoria | Street Art Festival 2025: Past Perspectives,Convocatoria | Street Art Festival 2025: Past Perspectives,República Checa,Street Art Festival ,Convocatoria,Diseño,Sin cargo,0.0,Abril,Likely_International
Residencia | Programa de Artista en Residencia 2025,Residencia | Programa de Artista en Residencia 2025,Malta,Dirección de Cultura de Malta,Residencia,Otras,Sin cargo,10800.0,Abril,Likely_International
Residencia | Bom Dia OASis Residency 2025,Residencia | Bom Dia OASis Residency 2025,Portugal,Cultivamos Cultura - Programa de residencias OASis,Residencia,Otras,Sin cargo,0.0,Abril,Likely_International
Beca | Beca de Residencia Heritage in transformation 2026-27,Beca | Beca de Residencia Heritage in transformation 2026-27,Alemania,Käte Hamburger Kolleg | Centre for Advanced Study: inherit. heritage in transformation,Beca,Cine,Sin cargo,35389.46,Abril,Likely_International
Residencia | Programa de Artistas en Residencia ACAC 2025,Residencia | Programa de Artistas en Residencia ACAC 2025,Japón,Aomori Contemporary Art Centre,Residencia,Diseño,Sin cargo,0.0,Abril,Likely_International
Convocatoria | 17th Edition Prisma Art Priza Rome,Convocatoria | 17th Edition Prisma Art Priza Rome,Italia,Prisma Art Varco SRL,Convocatoria,Visuales,Pago,589.82,Abril,Likely_International
Convocatoria | Exposición Blue Photo,Convocatoria | Exposición Blue Photo,EEUU,Decode Gallery,Convocatoria,Visuales,Pago,0.0,Abril,Likely_International
Convocatoria | Exposición Fotográfica Square,Convocatoria | Exposición Fotográfica Square,EEUU,Decode Gallery,Convocatoria,Visuales,Pago,0.0,Abril,Likely_International
Convocatoria | Secret Garden Online Art Competition 2025,Convocatoria | Secret Garden Online Art Competition 2025,Virtual,Ten Moir Gallery,Convocatoria,Visuales,Pago,150.0,Abril,Likely_International
Convocatoria | Exposición Fotográfica Black and White,Convocatoria | Exposición Fotográfica Black and White,EEUU,"Decode Gallery de Tucson, Arizona",Convocatoria,Visuales,Pago,0.0,Abril,Likely_International
Convocatoria | True Blue Online Art Competition 2025,Convocatoria | True Blue Online Art Competition 2025,Virtual,Ten Moir Gallery,Convocatoria,Visuales,Pago,150.0,Abril,Likely_International
Convocatoria | 27 Mecal Festival Internacional de Cortometrajes y Animación de Barcelona,Convocatoria | 27 Mecal Festival Internacional de Cortometrajes y Animación de Barcelona,España,MECAL PRO. Festival Internacional de Cortometrajes y Animación de Barcelona,Convocatoria,Cine,Pago,0.0,Abril,International
Convocatoria | Festival Internacional de Cine de Valdivia,Convocatoria | Festival Internacional de Cine de Valdivia,Chile,Festival Internacional de Cine de Valdivia,Convocatoria,Cine,Pago,0.0,Abril,International
Convocatoria | Bengaluru International Short Film Festival,Convocatoria | Bengaluru International Short Film Festival,India,Bengaluru International Short Film Festival,Convocatoria,Cine,Pago,0.0,Abril,Likely_International
Convocatoria | CineBH - Belo Horizonte International Film Festival ,Convocatoria | CineBH - Belo Horizonte International Film Festival ,Brasil,Cine BH,Convocatoria,Cine,Pago,0.0,Abril,Likely_International
Convocatoria | 21° Festival Court Métrange ,Convocatoria | 21° Festival Court Métrange ,Francia,Festival Court Métrange,Convocatoria,Cine,Pago,0.0,Abril,Likely_International
Convocatoria | LA Shorts International Film Festival,Convocatoria | LA Shorts International Film Festival,EEUU,LA Shorts International Film Festival,Convocatoria,Cine,Pago,0.0,Abril,Likely_International
Residencia | Loop Art Critique & Laura Hyunjhee Kim,Residencia | Loop Art Critique & Laura Hyunjhee Kim,EEUU,Loop Art Critique,Residencia,Cine,Sin cargo,0.0,Abril,Likely_International
Convocatoria | CICA Contemporary Art Solo Show Series Spring 2026,Convocatoria | CICA Contemporary Art Solo Show Series Spring 2026,Corea del Sur,CICA Museo de Arte Moderno,Convocatoria,Escénicas,Pago,0.0,Abril,Likely_International
Residencia | LGBTQ+ Visual Artist Residency 2025,Residencia | LGBTQ+ Visual Artist Residency 2025,EEUU,,Residencia,Visuales,Pago,0.0,Abril,Likely_International
Residencia | Travelling Print Residency,Residencia | Travelling Print Residency,Bulgaria,Nopoint Atelier,Residencia,Diseño,Pago,0.0,Abril,Likely_International
Residencia | Inhouse Print Residency,Residencia | Inhouse Print Residency,Bulgaria,Nopoint Atelier,Residencia,Diseño,Pago,1350.0,Abril,Likely_International
Residencia | 2026 Sound Art + Experimental Music Artists-In-Residence,Residencia | 2026 Sound Art + Experimental Music Artists-In-Residence,EEUU,Bemis Center for Contemporary Arts,Residencia,Música,Pago,0.0,Abril,Likely_International
Residencia | Laboratorio de Investigación Queer y Trans: Artista en Residencia,Residencia | Laboratorio de Investigación Queer y Trans: Artista en Residencia,Canadá,"Centro Mark S. Bonham para Estudios sobre la Diversidad Sexual, Universidad de Totonto",Residencia,Escénicas,Sin cargo,0.0,Abril,Likely_International
Residencia | Programa Artistas en Residencia de Invierno 2026,Residencia | Programa Artistas en Residencia de Invierno 2026,EEUU,McColl Center,Residencia,Diseño,Pago,1600.0,Abril,Likely_International
2025-2026 Sculpture On Loan Program,Convocatoria | Programa de Préstamo de Esculturas 2025-2026,EEUU,Ciudad de Westminster,Convocatoria,Visuales,Sin cargo,0.0,Abril,Likely_International
Convocatoria | Exposición Online The Assembled Image,Convocatoria | Exposición Online The Assembled Image,EEUU,The Chateau Gallery,Convocatoria,Visuales,Pago,0.0,Abril,Likely_International
Residencia | Brashnar Artist-In-Residence,Residencia | Brashnar Artist-In-Residence,Macedonia,Brashnar Creative Project,Residencia,Visuales,Pago,0.0,Abril,Likely_International
"Premio | Advancement Awards For Art, Science & Ecology 2025/26","Premio | Advancement Awards For Art, Science & Ecology 2025/26",Alemania,Fundación Arthur Boskamp,Premio,Visuales,Sin cargo,0.0,Abril,Likely_International
Premio | 2025 Art Prize: Magic And Ritual,Premio | 2025 Art Prize: Magic And Ritual,Alemania,Bernd & Gisela Rosenheim-Foundation,Premio,Visuales,Sin cargo,5400.0,Abril,Likely_International
Premio |  XLIX Certamen Literario Ciudad de Martos ,Premio |  XLIX Certamen Literario Ciudad de Martos ,España,Ayuntamiento de Martos,Premio,Literatura,Sin cargo,0.0,Abril,Likely_International
Premio | XLVI Certamen de Poesía Manuel Garrido Chamorro,Premio | XLVI Certamen de Poesía Manuel Garrido Chamorro,España,Ayuntamiento de Martos,Premio,Literatura,Sin cargo,15329.01,Abril,Likely_International
Residencia | Residències B-Murals 2026,Residencia | Residències B-Murals 2026,España,B-Murals Centre d'Art Urbà,Residencia,Visuales,Sin cargo,0.0,Abril,Likely_International
Beca | Becas de la Processing Foundation,Beca | Becas de la Processing Foundation,EEUU,Processing Foundation,Beca,Otras,Sin cargo,10000.0,Abril,Likely_International
Convocatoria | Festival Internacional de Cine Fantástico de Castilla y León Terroríficamente Cortos,Convocatoria | Festival Internacional de Cine Fantástico de Castilla y León Terroríficamente Cortos,España,Terroríficamente Cortos Festival Internacional de Cine Fantástico de Castilla y León,Convocatoria,Cine,Pago,0.0,Abril,International
Convocatoria | Foro de Coproducción de Documentales Lau Haizetara de San Sebastián 2025,Convocatoria | Foro de Coproducción de Documentales Lau Haizetara de San Sebastián 2025,España,EPE-IBAIA  Foro Lau Haizetara de San Sebastián,Convocatoria,Cine,Pago,270.0,Abril,Likely_International
Convocatoria |  X edición Festival La Escritura de las Diferencias 2025-2026,Convocatoria |  X edición Festival La Escritura de las Diferencias 2025-2026,Múltiples Países,Red Internacional de Mujeres del Ámbito Teatral,Convocatoria,Escénicas,Sin cargo,0.0,Abril,International
Premio | Certamen Internacional de Guitarra de Barcelona Miquel Llobet - Interpretación,Premio | Certamen Internacional de Guitarra de Barcelona Miquel Llobet - Interpretación,España,Iberamerik Concert Associació,Premio,Música,Pago,1178.63,Abril,International
Premio | Seoul Design Award 2025,Premio | Seoul Design Award 2025,Corea del Sur,Seoul Design Award,Premio,Diseño,Sin cargo,0.0,Abril,Likely_International
Convocatoria | Fotofestival Lenzburg 2026: Forever Happy,Convocatoria | Fotofestival Lenzburg 2026: Forever Happy,Suiza,Fotofestival Lenzburg,Convocatoria,Visuales,Pago,1892.74,Abril,Likely_International
"Convocatoria | Festival Eufémia: Género, Memoria y Resistencia en Escena","Convocatoria | Festival Eufémia: Género, Memoria y Resistencia en Escena",Portugal,Grupo Eufémias,Convocatoria,Escénicas,Sin cargo,1179.3,Abril,Likely_International
Convocatoria | Festival de Microteatro El Enguerino,Convocatoria | Festival de Microteatro El Enguerino,España,Festival de Microteatro El Enguerino - Ayuntamiento de Enguera,Convocatoria,Escénicas,Sin cargo,0.0,Abril,Likely_International
Convocatoria | Festival Internacional de Cine de Ponferrada 2025,Convocatoria | Festival Internacional de Cine de Ponferrada 2025,España,Festival Internacional de Cine de Ponferrada,Convocatoria,Cine,Sin cargo,0.0,Abril,International
"Convocatoria | MATCH: Programa de aprendizaje, residencias y exposiciones para artistas del Mediterráneo","Convocatoria | MATCH: Programa de aprendizaje, residencias y exposiciones para artistas del Mediterráneo",Múltiples Países,MATCH (Mediterranean as the Climate Hotspot) ,Convocatoria,Escénicas,Sin cargo,0.0,Abril,Likely_International
Residencia | Earthrise 25 Residency for Young Designers,Residencia | Earthrise 25 Residency for Young Designers,Italia,Circolo Del Design,Residencia,Diseño,Sin cargo,0.0,Abril,Likely_International
Convocatoria | Exhibición Online Serenity,Convocatoria | Exhibición Online Serenity,EEUU,Art Fluent,Convocatoria,Visuales,Pago,750.0,Abril,Likely_International
Convocatoria | The Evolution Grant 2025,Convocatoria | The Evolution Grant 2025,EEUU,Art Fluent,Convocatoria,Visuales,Pago,1000.0,Abril,Likely_International
Convocatoria | Exposición Colectiva Open Art Tokyo 2025,Convocatoria | Exposición Colectiva Open Art Tokyo 2025,Reino Unido,The Holy Art Gallery,Convocatoria,Visuales,Pago,0.0,Abril,Likely_International
Convocatoria | Exposición Colectiva Open Art New York 2025,Convocatoria | Exposición Colectiva Open Art New York 2025,Reino Unido,The Holy Art Gallery,Convocatoria,Visuales,Pago,0.0,Abril,Likely_International
Convocatoria | Exposición Internacional Form 2025,Convocatoria | Exposición Internacional Form 2025,Corea del Sur,Museo CICA - Instituto Czong de Arte Contemporáneo,Convocatoria,Cine,Sin cargo,0.0,Abril,International
Convocatoria | Atlàntida Mallorca Film Fest,Convocatoria | Atlàntida Mallorca Film Fest,España,DEEJAYSGRUP MEDITERRANEAN CREATIVE HUB Unión Temporal de Empresas - Comunidad Filmin SL,Convocatoria,Cine,Sin cargo,0.0,Abril,Likely_International
Convocatoria | 25th Seoul International ALT Cinema & Media Festival (NeMAF 2025),Convocatoria | 25th Seoul International ALT Cinema & Media Festival (NeMAF 2025),Corea del Sur,NeMAF Seoul International ALT Cinema & Media Festival,Convocatoria,Música,Pago,0.0,Abril,Likely_International
Convocatoria |  19º Festival Internacional de Cine de Sax (FICS),Convocatoria |  19º Festival Internacional de Cine de Sax (FICS),España,Festival Internacional de Cine de Sax,Convocatoria,Cine,Sin cargo,0.0,Abril,International
Residencia | Residencias para proyectos sobre el medioambiente,Residencia | Residencias para proyectos sobre el medioambiente,España,Centro Cultural Matadero Madrid,Residencia,Visuales,Sin cargo,0.0,Abril,Likely_International
Premio | Premio Paidós 2026 Ensayos sobre Humanidades y Ciencias Sociales,Premio | Premio Paidós 2026 Ensayos sobre Humanidades y Ciencias Sociales,España,Ediciones Paidós - Grupo Planeta,Premio,Literatura,Sin cargo,37800.0,Abril,Likely_International
Premio | XXIX Premio Alfaguara de Novela 2026,Premio | XXIX Premio Alfaguara de Novela 2026,España,Alfaguara - Penguin Random House Grupo Editorial,Premio,Literatura,Sin cargo,189000.0,Abril,Likely_International
Foro de Coproducción Europa-América Latina del Festival de San Sebastián,Convocatoria | Foro de Coproducción Europa-América Latina del Festival de San Sebastián,España,Festival de San Sebastián,Convocatoria,Cine,Sin cargo,0.0,Abril,International
Convocatoria | Festival Biarritz Amérique Latine 2025,Convocatoria | Festival Biarritz Amérique Latine 2025,Francia,Festival Biarritz Amérique Latine ,Convocatoria,Cine,Pago,0.0,Abril,Likely_International
Premio | Premio de Teatro para Autores Noveles “Calderón de la Barca”,Premio | Premio de Teatro para Autores Noveles “Calderón de la Barca”,España,Instituto Nacional de las Artes Escénicas y de la Música (INAEM) ,Premio,Escénicas,Sin cargo,0.0,Abril,Likely_International
Convocatoria | Festival Internacional de Teatro Infantil Igor Madzirov,Convocatoria | Festival Internacional de Teatro Infantil Igor Madzirov,Macedonia del Norte,"National Institution Theater for Children and Youth, Skopje",Convocatoria,Escénicas,Sin cargo,0.0,Abril,International
Residencia para escritores españoles en la Cité des Arts 2026,Residencia | Residencia para escritores españoles en la Cité des Arts 2026,España,"Acción Cultural Española (AC/E), la Embajada de Francia en España y la Mairie de París",Residencia,Literatura,Sin cargo,3535.42,Abril,International
Residencia | Residencia de creación para un/a autor/a de cómic español/a en Francia,Residencia | Residencia de creación para un/a autor/a de cómic español/a en Francia,España,Acción Cultural Española (AC/E) y la Cité internationale de la bande dessinée et de l'image (Angoulême),Residencia,Visuales,Sin cargo,3535.42,Abril,International
Convocatoria | 1ª edición del Certamen Literario “VIENTO” 2025,Convocatoria | 1ª edición del Certamen Literario “VIENTO” 2025,España,Centro para las Artes Traductores del viento,Convocatoria,Visuales,Sin cargo,0.0,Abril,Likely_International
Premio | XIX Premio Málaga de Novela 2025,Premio | XIX Premio Málaga de Novela 2025,España,Ayuntamiento de Málaga,Premio,Literatura,Sin cargo,29461.85,Abril,Likely_International
Convocatoria | Festival Internacional de Cine con Medios Alternativos (FICMA),Convocatoria | Festival Internacional de Cine con Medios Alternativos (FICMA),México,FICMA,Convocatoria,Música,Pago,0.0,Abril,International
Convocatoria | Festival Internacional Films of the Future ,Convocatoria | Festival Internacional Films of the Future ,Múltiples Países,Films of the Future,Convocatoria,Cine,Sin cargo,0.0,Abril,International
Convocatoria | Festival de Cine Iberoamericano de Huelva 2025,Convocatoria | Festival de Cine Iberoamericano de Huelva 2025,España,Festival de Huelva de Cine Iberoamericano,Convocatoria,Cine,Sin cargo,0.0,Abril,Likely_International
Beca | Eliza Moore Fellowship for Artistic Excellence Residency 2026,Beca | Eliza Moore Fellowship for Artistic Excellence Residency 2026,EEUU,Oak Spring Garden Foundation,Beca,Música,Sin cargo,10000.0,Abril,Likely_International
Beca | Ronald Duncan Stipend for Southwest Writing,Beca | Ronald Duncan Stipend for Southwest Writing,Reino Unido,University of Exeter,Beca,Literatura,Sin cargo,3432.21,Abril,Likely_International
Convocatoria | Pintura internacional Plein Air 'Valdis Bušs 2025',Convocatoria | Pintura internacional Plein Air 'Valdis Bušs 2025',Letonia,"Municipio de Balvi, en cooperación con el Museo Rothko",Convocatoria,Visuales,Sin cargo,4118.65,Abril,International
Premio | Premio Trieste Contemporánea para Jóvenes Artistas Europeos (YEATCA),Premio | Premio Trieste Contemporánea para Jóvenes Artistas Europeos (YEATCA),Italia,Trieste Contemporánea,Premio,Visuales,Sin cargo,0.0,Abril,Likely_International
Beca | CCA Islands Travel Scholarship 2025 – 2026,Beca | CCA Islands Travel Scholarship 2025 – 2026,Japón,"CCA, Center for Contemporary Art and Peace Winds Japan (PWJ) ",Beca,Diseño,Sin cargo,1340.0,Abril,Likely_International
Beca | Musician Grants. Augment Music Project,Beca | Augment Music Project,EEUU,Telluride Arts District,Beca,Música,Sin cargo,2500.0,Abril,Likely_International
Convocatoria | Site Specific Art Berlin Circus Festival 2025,Convocatoria | Site Specific Art Berlin Circus Festival 2025,Alemania,Berlin Circus Festival  ,Convocatoria,Visuales,Sin cargo,0.0,Abril,Likely_International
Convocatoria | Fondo LinzIMpORT,Convocatoria | Fondo LinzIMpORT,Austria,Stadt Linz,Convocatoria,Otras,Sin cargo,23564.3,Abril,Likely_International
Convocatoria | X edición de la Muestra Ibérica de Artes Escénicas⁣,Convocatoria | X edición de la Muestra Ibérica de Artes Escénicas⁣,España,Asociación de Gestoras y Gestores Culturales de Extremadura,Convocatoria,Escénicas,Sin cargo,0.0,Abril,Likely_International
Residencia | Residency Program ZARATAN AIR 2025,Residencia | Residency Program ZARATAN AIR 2025,Portugal,Zaratan – Arte Contemporânea,Residencia,Otras,Sin cargo,0.0,Abril,Likely_International
Convocatoria | Dona Ruth: Festival de Teatro Negro de São Paulo (Dona Ruth: FTNsp),Convocatoria | Dona Ruth: Festival de Teatro Negro de São Paulo (Dona Ruth: FTNsp),Brasil,Dona Ruth: Festival de Teatro Negro de São Paulo,Convocatoria,Música,Sin cargo,0.0,Abril,Likely_International
Convocatoria | Festival Internacional de Cine de la provincia de Buenos Aires,Convocatoria | Festival Internacional de Cine de la provincia de Buenos Aires,Argentina,Instituto Cultural de la Provincia de Buenos Aires,Convocatoria,Cine,Sin cargo,0.0,Abril,International
Convocatoria | PITCHING - Festival Internacional de Cine de Huesca,Convocatoria | PITCHING - Festival Internacional de Cine de Huesca,España,Festival Internacional de Cine de Huesca,Convocatoria,Cine,Sin cargo,0.0,Abril,International
Convocatoria | Certamen Nacional de Cortometrajes de L`ALFÀS DEL PI,Convocatoria | Certamen Nacional de Cortometrajes de L`ALFÀS DEL PI,España,Ayuntamiento de l’Alfàs del Pi,Convocatoria,Cine,Pago,0.0,Abril,Likely_International
Residencia | Programa de Residencias S+T+ARTS Buen-TEK,Residencia | Programa de Residencias S+T+ARTS Buen-TEK,Múltiples Países,Ars Electronica Linz GmbH & Co KG.,Residencia,Otras,Sin cargo,117804.5,Abril,Likely_International
Convocatoria | IV  Muestra Internacional de Cine Poético Maldito Festival 2025,Convocatoria | IV  Muestra Internacional de Cine Poético Maldito Festival 2025,España,Maldito Festival de Videopoesía,Convocatoria,Cine,Pago,0.0,Abril,International
Convocatoria | IX Concurso Internacional de Videopoesía Maldito Festival 2025,Convocatoria | IX Concurso Internacional de Videopoesía Maldito Festival 2025,España,Maldito Festival de Videopoesía,Convocatoria,Música,Sin cargo,0.0,Abril,International
Premio | Premio Planeta de Novela 2025,Premio | Premio Planeta de Novela 2025,España,Editorial Planeta,Premio,Literatura,Sin cargo,0.0,Abril,Likely_International
Beca | Becas Bilbao Arte para la realización de Proyectos Artísticos con cesión de estudio 2025-2026,Beca | Becas Bilbao Arte para la realización de Proyectos Artísticos con cesión de estudio 2025-2026,España,Fundación BilbaoArte Fundazioa,Beca,Visuales,Sin cargo,117804.5,Abril,Likely_International
Convocatoria | Concurso de Cortometrajes Cartagena Negra,Convocatoria | Concurso de Cortometrajes Cartagena Negra,España,Cartagena Negra,Convocatoria,Cine,Sin cargo,0.0,Abril,Likely_International
Beca | Becas Leonardo a Investigadores y Creadores Culturales,Beca | Becas Leonardo a Investigadores y Creadores Culturales,España,Fundación BBVA,Beca,Música,Sin cargo,3239333.76,Abril,Likely_International
Premio | Concurso Manga 2025,Premio | Concurso Manga 2025,España,Norma Editorial,Premio,Literatura,Sin cargo,5300.73,Abril,Likely_International
Premio | Premios de Novela Negra Cartagena Negra 2025,Premio | Premios de Novela Negra Cartagena Negra 2025,España,Cartagena Negra,Premio,Literatura,Sin cargo,0.0,Abril,Likely_International
Premio | III Concurso Internacional de Arte Digital Antonio Gades “Carmen”,Premio | III Concurso Internacional de Arte Digital Antonio Gades “Carmen”,España,Fundación Antonio Gades,Premio,Música,Sin cargo,2160.0,Abril,International
Residencia | Writing in Residence 2025 Arquitectura,Residencia |  Writing in Residence 2025 Arquitectura,Italia,Biennale di Venezia - Biennale College ASAC,Residencia,Diseño,Sin cargo,0.0,Abril,Likely_International
Premio | Premio de Poesía Antonio González de Lama,Premio | Premio de Poesía Antonio González de Lama,España,Ayuntamiento de León,Premio,Literatura,Sin cargo,7067.64,Abril,Likely_International
Convocatoria | Festival de Cortos de Bogotá – Bogoshorts,Convocatoria | Festival de Cortos de Bogotá – Bogoshorts,Colombia,Festival de Cortos de Bogotá – Bogoshorts,Convocatoria,Cine,Sin cargo,52.0,Abril,Likely_International
Convocatoria | Artists at Risk ‘State of the ART(ist)’ 2025,Convocatoria | Artists at Risk ‘State of the ART(ist)’ 2025,Austria,Ars Electronica y el Ministerio Federal de Asuntos Europeos e Internacionales de Austria,Convocatoria,Otras,Sin cargo,6480.0,Abril,International
Residencia | Summer Valga Architecture Residency 2025 on ‘Material Purgatory’,Residencia | Summer Valga Architecture Residency 2025 on ‘Material Purgatory’,Estonia,VARES Valga Architecture Residency,Residencia,Diseño,Sin cargo,0.0,Abril,Likely_International
Residencia | La Fabrique des Arts Residency Programme 2025–26,Residencia | La Fabrique des Arts Residency Programme 2025–26,Francia,Fondation Fiminco,Residencia,Otras,Sin cargo,0.0,Abril,Likely_International
Convocatoria | Site-Specific Work for Nuit Blanche 2025,Convocatoria | Site-Specific Work for Nuit Blanche 2025,Canadá,Delegation of the European Union to Canada / OCAD University,Convocatoria,Cine,Sin cargo,0.0,Abril,Likely_International
Convocatoria | SPAM New Media Festival,Convocatoria | SPAM New Media Festival,EEUU,SPAM New Media Festival - Seatle,Convocatoria,Música,Sin cargo,0.0,Abril,Likely_International
Residencia | ACC Creators Residency 2025,Residencia | ACC Creators Residency 2025,Corea del Sur,ACC - Centro Nacional de Cultura Asiática,Residencia,Visuales,Sin cargo,0.0,Abril,Likely_International
Convocatoria | Citofonare PimOff. Programa de residencias de danza contemporánea,Convocatoria | Citofonare PimOff. Programa de residencias de danza contemporánea,Italia,Citofonare PimOff,Convocatoria,Escénicas,Sin cargo,0.0,Abril,Likely_International
Premio | Changes – Hoepfner Fotowettbewerb 2025,Premio | Changes – Hoepfner Fotowettbewerb 2025,Alemania,Fundación Hoepfner,Premio,Visuales,Sin cargo,0.0,Abril,Likely_International
Convocatoria | Tu Obra en la Artothek / Biblioteca de Arte,Convocatoria | Tu Obra en la Artothek / Biblioteca de Arte,Alemania,Kommunale Galerie Berlin,Convocatoria,Visuales,Sin cargo,0.0,Abril,Likely_International
Premio | Giga Photo Contest 2025: The Joy Of Connection,Premio | Giga Photo Contest 2025: The Joy Of Connection,Múltiples Países,Giga: UNICEF y UIT,Premio,Visuales,Sin cargo,8000.0,Abril,Likely_International
Beca | Wallis Annenberg Curatorial Fellowship,Beca | Wallis Annenberg Curatorial Fellowship,EEUU,Los Angeles County Museum of Art (LACMA),Beca,Otras,Sin cargo,0.0,Abril,Likely_International
Convocatoria | Museo Preus 25: Closer,Convocatoria | Museo Preus 25: Closer,Noruega,Museo Preus - Festival de Fotografía Negativa de Oslo,Convocatoria,Cine,Pago,0.0,Abril,Likely_International
Premio | International Prize For Humanist & Environmental Photography,Premio | International Prize For Humanist & Environmental Photography,Francia,CCFD-Terre Solidaire,Premio,Visuales,Sin cargo,10800.0,Abril,Likely_International
Convocatoria | Festival de Ilustración y Cómic LUSTR 2025,Convocatoria | Festival de Ilustración y Cómic LUSTR 2025,República Checa,Festival de Ilustración y Cómic LUSTR,Convocatoria,Diseño,Sin cargo,0.0,Abril,Likely_International
Residencia | Cross-Looking: East-West Artistic Residencies,Residencia | Cross-Looking: East-West Artistic Residencies,Países bajos,"NOOR, Organ Vida International Photography Festival, and the National Gallery of Armenia ",Residencia,Música,Sin cargo,0.0,Abril,Likely_International
Residencia | Programa 2026 Artists In Residence,Residencia | Programa 2026 Artists In Residence,EEUU,"Fundación Chinati, Museo en Marfa, Texas",Residencia,Música,Sin cargo,4000.0,Abril,Likely_International
Convocatoria | 11th International Triennial of Stage Poster - Sofia,Convocatoria | 11th International Triennial of Stage Poster - Sofia,Bulgaria,International Triennial of Stage Poster – Sofia,Convocatoria,Diseño,Sin cargo,0.0,Abril,Likely_International
Premio | International Busan Design Award 2025,Premio | International Busan Design Award 2025,Corea del Sur,"Busan Metropolitan City, Busan Office of Education, Design Council Busan",Premio,Diseño,Pago,0.0,Abril,Likely_International
Convocatoria | United States International Poster Biennial 2025,Convocatoria | United States International Poster Biennial 2025,EEUU,United States International Poster Biennial,Convocatoria,Diseño,Sin cargo,0.0,Abril,Likely_International
"Premio |  26.ª Concurso Internacional de Composición Electroacústica, Música Viva 2025","Premio |  26.ª Concurso Internacional de Composición Electroacústica, Música Viva 2025",Portugal,Miso Music Portugal,Premio,Música,Sin cargo,540.0,Abril,International
Premio | 3ra. International Composition Contest for Wind Band,Premio | 3ra. International Composition Contest for Wind Band,Francia,Ciudad de Belfort - The Wind Band of Belfort,Premio,Música,Sin cargo,9423.52,Abril,Likely_International
Beca | Programa IBEREX de prácticas formativas para profesionales iberoamericanos del sector cultural,Beca | Programa IBEREX de prácticas formativas para profesionales iberoamericanos del sector cultural,España,Ministerio de Cultura de España,Beca,Música,Sin cargo,0.0,Abril,International
Convocatoria | Jóvenes Compositores 2025,Convocatoria | Jóvenes Compositores 2025,Colombia,Banco de la República de Colombia,Convocatoria,Música,Sin cargo,0.0,Mayo,Likely_International
Fondo | Fondo de Estímulo a la Formación y Creación Artística 2025,Fondo | Fondo de Estímulo a la Formación y Creación Artística 2025,Uruguay,Ministerio de Educación y Cultura de Uruguay,Fondos,Otras,Sin cargo,2600.0,Mayo,Likely_International
Apoyo | Apoyos a la internacionalización de las artes escénicas INAE,Apoyo | Apoyos a la internacionalización de las artes escénicas INAE,Uruguay,Instituto Nacional de Artes Escénicas (INAE) de la Dirección Nacional de Cultura de Uruguay,Apoyo,Escénicas,Sin cargo,0.0,Mayo,International
Convocatoria | Festa das Luzes de São Chico 2025,Convocatoria | Festa das Luzes de São Chico 2025,Brasil,Festa das Luzes de São Chico,Convocatoria,Cine,Sin cargo,0.0,Mayo,Likely_International
Convocatoria | II Edición del Concurso Internacional de Videocreación ”Hablando (iA+)”,Convocatoria | II Edición del Concurso Internacional de Videocreación Hablando (iA+),España,Aula de Cine y Artes Audiovisuales de la Universidad Rovira i Virgili (ACiAA),Convocatoria,Música,Sin cargo,0.0,Mayo,International
Fondos | Ayudas IBERESCENA 2025-2026 ,Fondos | Ayudas IBERESCENA 2025-2026 ,Múltiples Países,Programa Iberescena,Fondos,Escénicas,Sin cargo,10800.0,Mayo,Likely_International
Convocatoria | Woolwich Contemporary Print Fair,Convocatoria | Woolwich Contemporary Print Fair,Reino Unido,Woolwich Contemporary Print Fair,Convocatoria,Visuales,Pago,43.75,Mayo,Likely_International
Convocatoria | Festival MATE 2025,Convocatoria | Festival MATE 2025,Portugal,"MATE – Música, Arte, Tecnología y Educación",Convocatoria,Música,Pago,0.0,Mayo,Likely_International
Fondos | Estimulo a la creación Museo Casa de la Memoria de Medellín 2025,Fondos | Estimulo a la creación Museo Casa de la Memoria de Medellín 2025,Colombia,Museo Casa de la Memoria de Medellín - Alcaldía de Medellín,Fondos,Cine,Sin cargo,0.0,Mayo,Likely_International
Premio | Premio di Roma “Andrea Ceraso”,Premio | Premio di Roma “Andrea Ceraso”,Italia,She Lives -  Asociación Eufonia,Premio,Música,Pago,59.400000000000006,Mayo,Likely_International
Premio | II Concurso Internacional de Composición de Lieders Premio Raffaello de Banfield 2025,Premio | II Concurso Internacional de Composición de Lieders Premio Raffaello de Banfield 2025,Italia,Associazione Culturale Friedrich Schiller di Trieste,Premio,Música,Pago,37.8,Mayo,International
Premio | Primer premio de Arte Joven MAC Panamá x Mercantil,Premio | Primer premio de Arte Joven MAC Panamá x Mercantil,Panamá,Museo de Arte Contemporáneo de Panamá,Premio,Visuales,Sin cargo,0.0,Mayo,Likely_International
Premio | IV Bienal de Dibujo Las Huellas del Dibujo,Premio | IV Bienal de Dibujo Las Huellas del Dibujo,España,Asociación de Artistas Plásticos de Málaga (APLAMA),Premio,Visuales,Sin cargo,1080.0,Mayo,Likely_International
Convocatoria | Proyectos artísticos en Magenta Galería,Convocatoria | Proyectos artísticos en Magenta Galería,Perú,Magenta Galería,Convocatoria,Visuales,Sin cargo,0.0,Mayo,Likely_International
Convocatoria | Work in Progress HIFF 2025,Convocatoria | Work in Progress HIFF 2025,España,Festival Internacional de Cine de Huesca (HIFF),Convocatoria,Cine,Sin cargo,0.0,Mayo,International
Convocatoria |  51ª FILMETS Badalona Film Festival,Convocatoria |  51ª FILMETS Badalona Film Festival,España,Badalona Comunicació SA.,Convocatoria,Cine,Pago,0.0,Mayo,Likely_International
Beca | Programa de Becas del Ministerio de Educación del Japón (Monbukagakusho),Beca | Programa de Becas del Ministerio de Educación del Japón (Monbukagakusho),Japón,"Ministerio de Educación, Cultura, Deportes, Ciencia y Tecnología",Beca,Otras,Sin cargo,0.0,Mayo,Likely_International
"Beca | Becas para Bienales y Festivales de Arquitectura, Diseño y Moda 2025-26","Beca | Becas para Bienales y Festivales de Arquitectura, Diseño y Moda 2025-26 ",Reino Unido,British Council,Beca,Diseño,Sin cargo,12.5,Mayo,Likely_International
"Residencia | Nodus 2025, Residencia artística de danza contemporánea","Residencia | Nodus 2025, Residencia artística de danza contemporánea",España,Fundació Caixa Castelló,Residencia,Escénicas,Sin cargo,0.0,Mayo,Likely_International
Convocatoria | 10mo. Festival Internacional de Cine para Adolescentes de San Martín de los Andes,Convocatoria | 10mo. Festival Internacional de Cine para Adolescentes de San Martín de los Andes,Argentina,Festival Internacional Cine a la Vista!,Convocatoria,Cine,Sin cargo,0.0,Mayo,International
Convocatoria | The Europe Challenge 2025/26,Convocatoria | The Europe Challenge 2025/26,Europa,"
The European Cultural Foundation",Convocatoria,Otras,Sin cargo,0.0,Mayo,Likely_International
Convocatoria | DongGang International Photo Festival 2025,Convocatoria | DongGang International Photo Festival 2025,Corea del Sur,DongGang International Photo Festival,Convocatoria,Visuales,Sin cargo,0.0,Mayo,Likely_International
Residencia | 2025 Residency on the Resonance of Videopoetry,Residencia | 2025 Residency on the Resonance of Videopoetry,Alemania,ZKM Karlsruhe - Heidelberg,Residencia,Literatura,Sin cargo,0.0,Mayo,Likely_International
Residencia | Utopie Migranti Theatre Project Residency,Residencia | Utopie Migranti Theatre Project Residency ,Italia,Beyond Borders,Residencia,Música,Sin cargo,0.0,Mayo,Likely_International
Convocatoria | AAP Magazine 48 Theme Portrait,Convocatoria | AAP Magazine 48 Theme Portrait,Virtual,All About Photo,Convocatoria,Visuales,Pago,0.0,Mayo,Likely_International
Convocatoria | Illuminate The Night 2025,Convocatoria | Illuminate The Night 2025,EEUU,Nuit Blanche Winnipeg,Convocatoria,Visuales,Sin cargo,0.0,Mayo,Likely_International
Convocatoria | Exposición Colectiva  Art in Abstraction 2025,Convocatoria | Exposición Colectiva  Art in Abstraction 2025,EEUU,Maryland Federation of Art,Convocatoria,Visuales,Pago,45.0,Mayo,Likely_International
Convocatoria | The Hopper Prize Artist Grants,Convocatoria | The Hopper Prize Artist Grants,Virtual,The Hopper Prize,Convocatoria,Visuales,Pago,0.0,Mayo,Likely_International
Residencia | Programa JSP Artist-In-Residence 2025-2026 ,Residencia | Programa JSP Artist-In-Residence 2025-2026 ,EEUU,Josephine Sculpture Park,Residencia,Visuales,Sin cargo,0.0,Mayo,Likely_International
Premio | International Logo Design Contest ,Premio | International Logo Design Contest ,Canadá,Love First International,Premio,Diseño,Sin cargo,370.0,Mayo,Likely_International
Convocatoria | Ras Al Khaimah Art Festival: Civilizations,Convocatoria | Ras Al Khaimah Art Festival: Civilizations,Emiratos Árabes Unidos,Ras Al Khaimah Art - Sheikh Saud bin Saqr Al Qasimi Foundation for Policy Research,Convocatoria,Cine,Sin cargo,0.0,Mayo,Likely_International
Convocatoria | Design for Change. International Poster Competition ,Convocatoria | Design for Change. International Poster Competition ,Canadá,Borderless Graphic Designer Group,Convocatoria,Diseño,Sin cargo,0.0,Mayo,Likely_International
Convocatoria | Tate Papers 37: Mother Lines,Convocatoria | Tate Papers 37: Mother Lines, Reino Unido,Tate Gallery,Convocatoria,Otras,Sin cargo,0.0,Mayo,Likely_International
Premio | XIII Concurso de Pintura Ernesto Goday,Premio | XIII Concurso de Pintura Ernesto Goday,España,Concejalía de Cultura del Ayuntamiento de O Grove (Pontevedra),Premio,Visuales,Sin cargo,0.0,Mayo,Likely_International
Convocatoria | Exposición Colectiva “Se busca artista” en Madrid,Convocatoria | Exposición Colectiva “Se busca artista” en Madrid,España,La Fiambrera Art Gallery,Convocatoria,Visuales,Sin cargo,0.0,Mayo,Likely_International
Convocatoria | III South International Series Fest 2025,Convocatoria | III South International Series Fest 2025,España,South International Series Festival ,Convocatoria,Cine,Sin cargo,0.0,Mayo,Likely_International
Convocatoria | X FICVI Festival Internacional de Curtmetratges de Vila-seca,Convocatoria | X FICVI Festival Internacional de Curtmetratges de Vila-seca,España,Patronato de Turismo de Vila-seca,Convocatoria,Cine,Sin cargo,0.0,Mayo,International
Convocatoria | 57° Festival de Cine Documental Alcances ,Convocatoria | 57° Festival de Cine Documental Alcances ,España,Festival Alcances Festival de Cine Documental de Cádiz.,Convocatoria,Cine,Sin cargo,0.0,Mayo,Likely_International
Residencia | Residencias de Creación e Investigación Artística,Residencia | Residencias de Creación e Investigación Artística,España,Museo de la Universidad de Alicante,Residencia,Visuales,Sin cargo,540.0,Mayo,Likely_International
Convocatoria | Festival Internacional de Fotografía Fotonoche Córdoba 2025,Convocatoria | Festival Internacional de Fotografía Fotonoche Córdoba 2025,Argentina,Festival Fotonoche Córdoba - Alcobendas,Convocatoria,Visuales,Sin cargo,0.0,Mayo,International
Premio | 20.ª edición del Premio Minotauro 2026,Premio | 20.ª edición del Premio Minotauro 2026,España,"Editorial Minotauro. Editorial Planeta, S.A.",Premio,Literatura,Sin cargo,6480.0,Mayo,Likely_International
"Convocatoria | Festival ""Visioni di futuro, visioni di teatro"" 2026","Convocatoria | Festival ""Visioni di futuro, visioni di teatro"" 2026",Italia,La Baracca – Testoni Ragazzi,Convocatoria,Escénicas,Sin cargo,0.0,Mayo,Likely_International
Premio | 13ª edición del Premio Internacional de Fotografía,Premio | 13ª edición del Premio Internacional de Fotografía,España,Ayuntamiento de Las Palmas de Gran Canaria,Premio,Visuales,Sin cargo,864.0,Mayo,International
Premio | Premio Internacional de Novela de Misterio e intriga Ciudad de Las Palmas de Gran Canaria,Premio | Premio Internacional de Novela de Misterio e intriga Ciudad de Las Palmas de Gran Canaria,España,Ayuntamiento de Las Palmas de Gran Canaria,Premio,Literatura,Sin cargo,10800.0,Mayo,International
Residencia | Toga da wôhnagabi: Residencia de Creación Musical 2026,Residencia | Toga da wôhnagabi: Residencia de Creación Musical 2026,Canadá,Banff Centre,Residencia,Música,Pago,25.9,Mayo,Likely_International
Apoyo | Ayudas para proyectos de salvaguarda del patrimonio cultural inmaterial ,Apoyo | Ayudas para proyectos de salvaguarda del patrimonio cultural inmaterial ,España,Ministerio de Cultura de España,Apoyo,Otras,Sin cargo,0.0,Mayo,Likely_International
Residencia | Residencias R.A.R.O. en Bogotá,Residencia | Residencias R.A.R.O. en Bogotá,Colombia,R.A.R.O. (Residencias Artísticas Raramente Organizadas),Residencia,Visuales,Sin cargo,0.0,Mayo,Likely_International
Beca | Ayudas REGA para Residencias artísticas del Gaiás 2025,Beca | Ayudas REGA para Residencias artísticas del Gaiás 2025,España,Xunta de Galicia | Fundación Cidade da Cultura,Beca,Música,Sin cargo,8640.0,Mayo,Likely_International
Convocatoria | Trallallero Festival 2025,Convocatoria | Trallallero Festival 2025,Italia,Trallallero Festival - Teatro al Quadrato ,Convocatoria,Escénicas,Sin cargo,0.0,Mayo,Likely_International
Residencia | SIT-PLU: 2026–2027 Research Residencies and Context-specific Artistic Interventions,Residencia | SIT-PLU: 2026–2027 Research Residencies and Context-specific Artistic Interventions,Múltiples Países,Prácticas Creativas Situadas para el Pluriverso (SIT-PLU),Residencia,Otras,Sin cargo,14580.000000000002,Mayo,Likely_International
Convocatoria | Lighthouse Calls for Community-focused Artworks on Aquatic Environments,Convocatoria | Lighthouse Calls for Community-focused Artworks on Aquatic Environments,Alemania,TIDAL ArtS -  EU,Convocatoria,Otras,Sin cargo,16200.000000000002,Mayo,Likely_International
Convocatoria | Hyundai Blue Prize+ 2025 ,Convocatoria | Hyundai Blue Prize+ 2025 ,China,Hyundai Motorstudio Beijing,Convocatoria,Otras,Sin cargo,0.0,Mayo,Likely_International
Oportunidad | Les Percussions de Strasbourg: Artistic Director Job,Oportunidad | Les Percussions de Strasbourg: Artistic Director Job,Francia,Les Percussions de Strasbourg,Oportunidad,Música,Sin cargo,0.0,Mayo,Likely_International
Convocatoria | 17.º Concurso Internacional del Salón ARC,Convocatoria | 17.º Concurso Internacional del Salón ARC,EEUU,Art Renewal Center,Convocatoria,Visuales,Pago,93.0,Mayo,International
Beca | JBSF 2025 Grant for Sculpture,Beca | JBSF 2025 Grant for Sculpture,EEUU,Fundación Jonathan y Barbara Silver,Beca,Visuales,Sin cargo,0.0,Mayo,Likely_International
Residencia | Wassaic Project 2026 Residency Program,Residencia | Wassaic Project 2026 Residency Program,EEUU,Wassaic Project,Residencia,Otras,Pago,0.0,Mayo,Likely_International
Beca | Beca de investigación en danza: Bill T. Jones 2025-26,Beca | Beca de investigación en danza: Bill T. Jones 2025-26,EEUU,Biblioteca Pública de Nueva York,Beca,Escénicas,Sin cargo,10000.0,Mayo,Likely_International
Residencia | The Studios of Key West: Artist Residencies 2025-2026,Residencia | The Studios of Key West: Artist Residencies 2025-2026,EEUU,The Studios of Key West,Residencia,Otras,Pago,45.0,Mayo,Likely_International
Convocatoria | Exposición Colectiva Wit Power. Climate Protection Instead Of Fake News,Convocatoria | Exposición Colectiva Wit Power. Climate Protection Instead Of Fake News,Alemania,Grupo Global 3000 eV,Convocatoria,Visuales,Sin cargo,0.0,Mayo,Likely_International
Convocatoria | Descanso Gardens Curatorial Proposals,Convocatoria | Descanso Gardens Curatorial Proposals,EEUU,Descanso Gardens,Convocatoria,Visuales,Sin cargo,0.0,Mayo,Likely_International
Convocatoria | Exposición ACWF Small Works 2025,Convocatoria | Exposición ACWF Small Works 2025,EEUU,The Arts Council Wichita Falls,Convocatoria,Visuales,Pago,500.0,Mayo,Likely_International
Convocatoria | Encontros da Imagem Portfolio Reviews 2025,Convocatoria | Encontros da Imagem Portfolio Reviews 2025,Portugal,Encontros da Imagem - Festival Internacional de Fotografía y Artes Visuales,Convocatoria,Visuales,Pago,3240.0,Mayo,International
Convocatoria | STIFF: Call for Works for Exhibition on the Theme ‘Mark’,Convocatoria | STIFF: Call for Works for Exhibition on the Theme ‘Mark’,Croacia,STIFF (Student International Film Festival),Convocatoria,Otras,Sin cargo,0.0,Mayo,Likely_International
Premio | Art and Environment Prize Residency and Exhibition,Premio | Art and Environment Prize Residency and Exhibition,Francia,Lee Ufan Arles / Maison Guerlain,Premio,Visuales,Sin cargo,2160.0,Mayo,Likely_International
Residencia | S+T+ARTS Aqua Motion Residency 2025 ,Residencia | S+T+ARTS Aqua Motion Residency 2025,Múltiples Países,STARTS - Comisión Europea,Residencia,Visuales,Sin cargo,43200.0,Mayo,Likely_International
"Premio | I Certamen ""José Luis Cabañas"" de Humor Gráfico Ilustrado","Premio | I Certamen ""José Luis Cabañas"" de Humor Gráfico Ilustrado",España,Ayuntamiento de Tomelloso,Premio,Diseño,Sin cargo,2160.0,Mayo,Likely_International
Convocatoria | Exposición Colectiva en Amsterdam,Convocatoria | Exposición Colectiva en Amsterdam,Reino Unido,The Holy Art Gallery,Convocatoria,Visuales,Pago,125.0,Mayo,Likely_International
Convocatoria | Prix Photoforum 2025,Convocatoria | Prix Photoforum 2025,Suiza,Photoforum,Convocatoria,Visuales,Pago,0.0,Mayo,Likely_International
Convocatoria | Exposiciones 2025/26 Programa Gifts of Art Michigan Medicine,Convocatoria | Exposiciones 2025/26 Programa Gifts of Art Michigan Medicine,EEUU,Centro de Medicina de Michigan - Universidad de Michigan,Convocatoria,Visuales,Sin cargo,0.0,Mayo,Likely_International
"Beca | The Zsuzsi Roboz Scholarship at Morley College, London","Beca | The Zsuzsi Roboz Scholarship at Morley College, London",Reino Unido,Morley College London,Beca,Visuales,Sin cargo,0.0,Mayo,Likely_International
Convocatoria | Singularity Propuestas para Exposición 2026,Convocatoria | Singularity Propuestas para Exposición 2026, EEUU,"Michigan State University Museum, East Lansing, Michigan,",Convocatoria,Música,Sin cargo,3000.0,Mayo,Likely_International
Residencia | Residencies for 2025 in Rural Tuscany,Residencia | Residencies for 2025 in Rural Tuscany,Italia,Studio Panicale,Residencia,Visuales,Pago,0.0,Mayo,Likely_International
"Rescidencia | BRASHNAR Artist/Writer-in-Residence for July, August or September 2025","Rescidencia | BRASHNAR Artist/Writer-in-Residence for July, August or September 2025",Macedonia,Brashnar Creative Project,Residencia,Visuales,Sin cargo,0.0,Mayo,Likely_International
Residencia | On-line Residency GlogauAIR,Residencia | On-line Residency GlogauAIR,Alemania,GlogauAIR Berlin,Residencia,Visuales,Pago,972.0,Mayo,Likely_International
Residencia | PADA Research Residency Autumn/Winter 2025/26,Residencia | PADA Research Residency Autumn/Winter 2025/26,Portugal,PADA Studios,Residencia,Visuales,Pago,594.0,Mayo,Likely_International
Residencia | Indigenous Fashion Runway Residency 2025,Residencia | Indigenous Fashion Runway Residency 2025,Canadá,Banff Centre,Residencia,Diseño,Sin cargo,0.0,Mayo,Likely_International
Residencia | Studio and Room Program – A creative stay at Taattinen Farm,Residencia | Studio and Room Program – A creative stay at Taattinen Farm,Finlandia,Taattinen Farm,Residencia,Diseño,Pago,399.6,Mayo,Likely_International
Residencia | SensoryScapes Performance Art Residency,Residencia | SensoryScapes Performance Art Residency,Tailandia,Studio 88 Artist Residency - Base Box Theatre de Chiang Mai,Residencia,Escénicas,Sin cargo,0.0,Mayo,Likely_International
Residencia | Peripeteia Artist Residency,Residencia | Peripeteia Artist Residency,Finlandia,Cooperativa Nostates,Residencia,Diseño,Sin cargo,0.0,Mayo,Likely_International
Residencia | Banff Musicians in Residence Winter 2026,Residencia | Banff Musicians in Residence Winter 2026,Canadá,Banff Centre,Residencia,Música,Pago,48.1,Mayo,Likely_International
Convocatoria | Oldenburg International Film Festival,Convocatoria | Oldenburg International Film Festival,Alemania,Oldenburg International Film Festival,Convocatoria ,Cine,Pago,0.0,Mayo,Likely_International
Premio | 5ta. edición del Premio ASGAPA de Estímulo a la Escritura Crítica,Premio | 5ta. edición del Premio ASGAPA de Estímulo a la Escritura Crítica,Paraguay,ASGAPA,Premio,Otras,Sin cargo,0.0,Mayo,Likely_International
"Residencia | the TEMENOS art fellowship 2025-2026 – Brittany, France","Residencia | the TEMENOS art fellowship 2025-2026 – Brittany, France",France,La Source,Residencia,Visuales,Sin cargo,0.0,Mayo,Likely_International
Residencia | Wool and textile art and design residency September – December 2025,Residencia | Wool and textile art and design residency September – December 2025,Dinamarca,Det Vilde Spinderi,Residencia,Diseño,Sin cargo,0.0,Mayo,Likely_International
Residencia | Semana de Creación Libre. Verano 2025,Residencia | Semana de Creación Libre. Verano 2025,España,La Casa Móvil,Residencia,Visuales,Sin cargo,0.0,Mayo,Likely_International
"Residencia | Summer Residency at Hangar for Writers, Curators and Researchers","Residencia | Summer Residency at Hangar for Writers, Curators and Researchers",Portugal,Hangar Cowork,Residencia,Visuales,Sin cargo,0.0,Mayo,Likely_International
Convocatoria | Programa ARTBO Trama 2025,Convocatoria | Programa ARTBO Trama 2025,Colombia,Cámara de Comercio de Bogotá,Convocatoria,Diseño,Sin cargo,0.0,Mayo,Likely_International
Convocatoria | INTERSECCIÓN – Festival Internacional de Cine de A Coruña,Convocatoria | INTERSECCIÓN – Festival Internacional de Cine de A Coruña,España,INTERSECCIÓN – Festival Internacional de Cine de A Coruña,Convocatoria,Música,Pago,0.0,Mayo,International
Convocatoria | 3° Festival Internacional de Cine de la UBA FIC.UBA,Convocatoria | 3° Festival Internacional de Cine de la UBA FIC.UBA,Argentina,UBA - FADU,Convocatoria,Cine,Sin cargo,0.0,Mayo,International
Convocatoria | Sitges FanPitch,Convocatoria | Sitges FanPitch,España,Sitges,Convocatoria,Cine,Pago,2700.0,Mayo,Likely_International
Convocatoria | Bergamasca Archivo Hamaca,Convocatoria | Bergamasca Archivo Hamaca,España,HAMACA - La Madraza Centro de Cultura Contemporánea de la Universidad de Granada,Convocatoria,Cine,Sin cargo,0.0,Mayo,Likely_International
Convocatoria | Festival Internacional de Teatro para la Infancia y la Juventud Guaguas de Maíz – FITIJ,Convocatoria | Festival Internacional de Teatro para la Infancia y la Juventud Guaguas de Maíz – FITIJ,Ecuador,Fundación Cactus Azul Arte Escénico,Convocatoria,Escénicas,Sin cargo,0.0,Mayo,International
Fondos | Movilidad internacional para actividad en el quehacer teatral ,Fondos | Movilidad internacional para actividad en el quehacer teatral ,Argentina,Instituto Nacional del Teatro,Fondos,Escénicas,Sin cargo,2200.0,Mayo,International
Premio | 40° Premio BMW de Pintura,Premio | 40° Premio BMW de Pintura y de Arte Digital,España,BMW Group,Premio,Visuales,Sin cargo,0.0,Mayo,Likely_International
Premio | Concurso PA 2025 para artistas emergentes ,Premio | Concurso PA 2025 para artistas emergentes ,Uruguay,Proyecto Arte Feria de Artistas,Premio,Visuales,Sin cargo,0.0,Mayo,Likely_International
Premio |  IV Premios de dramaturgia Antonio Gala,Premio |  IV Premios de dramaturgia Antonio Gala,España, Diputación de Córdoba,Premio,Escénicas,Sin cargo,1296000.0,Mayo,Likely_International
Convocatoria | XIX Certamen de Teatro Aficionado Villa de Loeches,Convocatoria | XIX Certamen de Teatro Aficionado Villa de Loeches,España,Ayuntamiento de Loeches,Convocatoria,Escénicas,Sin cargo,0.0,Mayo,Likely_International
Premio | XIV Premio de Álbum Ilustrado ,Premio | XIV Premio de Álbum Ilustrado ,España,Diputación de Córdoba - Cultura,Premio,Visuales,Sin cargo,1296000.0,Mayo,Likely_International
Convocatoria | 32° Festival Internacional de Teatro Universitario en México,Convocatoria | 32° Festival Internacional de Teatro Universitario en México,México,Teatro UNAM,Convocatoria,Escénicas,Sin cargo,0.0,Mayo,International
Residencia | Höchster Porzellan-Manufaktur: Residency Program 4.0 ,Residencia | Höchster Porzellan-Manufaktur: Residency Program 4.0 ,Alemania,Hochschule für Gestaltung (HfG) Offenbach,Residencia,Diseño,Sin cargo,1080.0,Mayo,Likely_International
Premio | Henri Cartier-Bresson Creation Award 2025,Premio | Henri Cartier-Bresson Creation Award 2025,Francia,Fondation Henri Cartier-Bresson,Premio,Visuales,Sin cargo,37800.0,Mayo,Likely_International
Beca | Becas de viaje para participar de la 57.ª Conferencia Anual de CIMAM en Turín,Beca | Becas de viaje para participar de la 57.ª Conferencia Anual de CIMAM en Turín,Italia,CIMAM,Beca,Visuales,Sin cargo,0.0,Mayo,Likely_International
Convocatoria | Dance Artists for Aerowaves Twenty26,Convocatoria | Dance Artists for Aerowaves Twenty26,Portugal,Aerowaves,Convocatoria,Escénicas,Sin cargo,0.0,Mayo,Likely_International
Convocatoria | Scotia Place Public Art Commissions,Convocatoria | Scotia Place Public Art Commissions ,Canadá,LeuWebb Projects/Heavy,Convocatoria,Diseño,Sin cargo,277500.0,Mayo,Likely_International
Convocatoria | Programadores internacionales para Wonderland Festival 2025,Convocatoria | Programadores internacionales para Wonderland Festival 2025,Italia,IdraConnect,Convocatoria,Escénicas,Sin cargo,216.0,Mayo,International
Convocatoria | ‘Emerging Creations’ Call for Projects Exploring Digital Practices,Convocatoria | ‘Emerging Creations’ Call for Projects Exploring Digital Practices,Francia,Chroniques,Convocatoria,Escénicas,Sin cargo,0.0,Mayo,Likely_International
Premio | Concurso Weather Photographer of the Year,Premio | Concurso Weather Photographer of the Year,Reino Unido,Standard Chartered ,Premio,Visuales,Sin cargo,6250.0,Mayo,Likely_International
Premio | V Edición del Premio de Arte A&G,Premio | V Edición del Premio de Arte A&G,España,grupo A&G,Premio,Visuales,Sin cargo,6480.0,Mayo,Likely_International
Premio | JIA Illustration Award 2025,Premio | JIA Illustration Award 2025,Japón,Asociación Japonesa de Ilustradores (JIA),Premio,Visuales,Pago,3350.0,Mayo,Likely_International
Premio | XII Edición Concurso de proyectos fotográficos «Educando la Mirada» 2025,Premio | XII Edición Concurso de proyectos fotográficos «Educando la Mirada» 2025,España,Fotoplatjadaro,Premio,Visuales,Sin cargo,5670.0,Mayo,Likely_International
Premio | Concurso de Dibujo de Biodiversidad 2025,Premio | Concurso de Dibujo de Biodiversidad 2025,Portugal,Municipio de Vila Real,Premio,Visuales,Pago,54.0,Mayo,Likely_International
Residencia | Contemporary Performing Arts Research Residency,Residencia | Contemporary Performing Arts Research Residency,Singapur,"The Esplanade Co Ltd,",Residencia,Escénicas,Sin cargo,2160.0,Mayo,Likely_International
Residencia | Curator Residency Program 2026,Residencia | Curator Residency Program 2026,Japón,Tokyo Arts and Space,Residencia,Visuales,Sin cargo,670.0,Mayo,Likely_International
Residencia | International Creator Residency Program 2026,Residencia | International Creator Residency Program 2026,Japón,Tokyo Arts and Space,Residencia,Cine,Sin cargo,0.0,Mayo,Likely_International
Residencia | Research Residency Program 2026,Residencia | Research Residency Program 2026,Japón,Tokyo Arts and Space,Residencia,Otras,Sin cargo,0.0,Mayo,Likely_International
"Convocatoria | Videomapping and Light Art Event ""Freiheitsleuchten""","Convocatoria | Videomapping and Light Art Event ""Freiheitsleuchten""",Alemania,"Genius Loci Weimar, Mühlhausen",Convocatoria,Cine,Sin cargo,10800.0,Mayo,Likely_International
Residencia | Creative Climate Action Residency at Gibraltar Point,Residencia | Creative Climate Action Residency at Gibraltar Point,Canada,Universidad OCAD,Residencia,Diseño,Sin cargo,500.0,Mayo,Likely_International
Residencia | Art Castle International Artist Residency 2025,Residencia | Art Castle International Artist Residency 2025,India,Art Castle International,Residencia,Visuales,Pago,648.0,Mayo,Likely_International
Apoyo | Colombia Creativa Tercera Generación: Prof...,Apoyo | Colombia Creativa Tercera Generación: Profesionalización de Artistas de Buenaventura,Colombia,"Ministerio de las Culturas, las Artes y los Saberes y la Universidad del Valle de Colombia",Apoyo,Música,Sin cargo,0.0,Junio,Likely_International
Beca | CCL Fellowship 2026...,Beca | CCL Fellowship 2026,EEUU,Center for Curatorial Leadership,Beca,Visuales,Sin cargo,0.0,Junio,Likely_International
Residencia | PRAXIS Programa de estudios 2025...,Residencia | PRAXIS Programa de estudios 2025,España,fluent,Residencia,Otras,Pago,1620.0,Junio,Likely_International
Premio | 19º Premio Internacional Manga de Japón...,Premio | 19º Premio Internacional Manga de Japón,Japón,Ministerio de Asuntos Exteriores de Japón,Premio,Visuales,Sin cargo,0.0,Junio,International
Residencia | perfocraZe International Artist Resid...,Residencia | perfocraZe International Artist Residency 2026,Ghana,crazinisT artisT studiO,Residencia,Escénicas,Pago,0.0,Junio,Likely_International
Beca | Programa de Becas de Investigación de Archi...,Beca | Programa de Becas de Investigación de Archivos,EEUU,Centro David C. Driskell de la Universidad de Maryland,Beca,Otras,Sin cargo,3000.0,Junio,Likely_International
Convocatoria | PAMM Digital Art Commissions...,Convocatoria | PAMM Digital Art Commissions,EEUU,Pérez Art Museum Miami,Convocatoria,Visuales,Sin cargo,15000.0,Junio,Likely_International
Convocatoria | Exposición Colectiva FUTURISMO...,Convocatoria | Exposición Colectiva FUTURISMO,Perú,"Centro Cultural Casa Blanca, Arequipa",Convocatoria,Visuales,Pago,0.0,Junio,Likely_International
Convocatoria | Concurso Curatorial para el Pabelló...,Convocatoria | Concurso Curatorial para el Pabellón Peruano en la 61ª Bienal de Arte de Venecia 2026,Perú,Patronato Cultural del Perú,Convocatoria,Visuales,Sin cargo,40000.0,Junio,Likely_International
Convocatoria | Sinistro Fest...,Convocatoria | Sinistro Fest,Brasil,Sinistro Fest,Convocatoria,Cine,Pago,0.0,Junio,Likely_International
Convocatoria | 8 Insólito: Festival Internacional ...,Convocatoria | 8 Insólito: Festival Internacional de Cine Fantástico,Peru,"El Último Cineclub SAC, Diva Producciones y la Biblioteca Miguelina Acosta",Convocatoria,Cine,Pago,0.0,Junio,International
Convocatoria | XIV Festival de Cortometrajes K-lid...,Convocatoria | XIV Festival de Cortometrajes K-lidoscopi,España,K-lidoscopi Associació Cultural,Convocatoria,Cine,Pago,0.0,Junio,Likely_International
Convocatoria | Festival CalleContemporánea Bejís 2...,Convocatoria | Festival CalleContemporánea Bejís 2025,España,Artèria Cultural,Convocatoria,Escénicas,Sin cargo,1080.0,Junio,Likely_International
Premio | “Art on Climate” International Illustrati...,Premio | “Art on Climate” International Illustration Competition,Hong Kong,Fingertips Company Limited,Premio,Música,Sin cargo,10587.49,Junio,Likely_International
Beca | Laçzos Artísticos Programa de Movilidad Int...,Beca | Laçzos Artísticos Programa de Movilidad Internacional,Portugal,OEI - Direção-Geral das Artes de Portugal,Beca,Otras,Sin cargo,2430.0,Junio,International
Fondos | Ayuda a la programación musical 2025...,Fondos | Ayuda a la programación musical 2025,Múltiples Países,Ibermúsicas,Fondos,Música,Sin cargo,8640.0,Junio,Likely_International
Premio | Giga-Hertz Production Awards 2025...,Premio | Giga-Hertz Production Awards 2025,Alemania,ZKM | Hertz-Lab / SWR Experimentalstudio,Premio,Música,Sin cargo,5400.0,Junio,Likely_International
Residencia | ‘Hit the Wall’ 2025 International You...,Residencia | ‘Hit the Wall’ 2025 International Young Artists Residency on Mural Art,Taiwan,Taipei City Government,Residencia,Diseño,Sin cargo,0.0,Junio,Likely_International
Residencia | In-Ruins Contemporary Art and Archaeo...,Residencia | In-Ruins Contemporary Art and Archaeology Residency 2025,Italia,Associazione Archeofuturo,Residencia,Diseño,Sin cargo,0.0,Junio,Likely_International
Residencia | Platform Residency 2026 on Resistance...,Residencia | Platform Residency 2026 on Resistance and Acts of Repair,Finlandia,Platform – Art Space + Residency,Residencia,Otras,Sin cargo,324.0,Junio,Likely_International
"Residencia | Residencia ""Cuerpos, Máquinas, Públic...","Residencia | Residencia ""Cuerpos, Máquinas, Públicos"" 2025",India,Khoj,Residencia,Escénicas,Sin cargo,0.0,Junio,Likely_International
Convocatoria | Malta Biennale 2026 International C...,Convocatoria | Malta Biennale 2026 International Calls: Artists,Malta,Heritage Malta - Consejo de las Artes de Malta ,Convocatoria,Visuales,Sin cargo,0.0,Junio,Likely_International
Residencia | Programa de Artistas en Residencia (P...,Residencia | Programa de Artistas en Residencia (PAIR) 2026 del Pier-2 Art Center,Taiwan,Pier-2 Art Center,Residencia,Otras,Sin cargo,0.0,Junio,Likely_International
Convocatoria | Exposición virtual “Drawing Resista...,Convocatoria | Exposición virtual “Drawing Resistance: The Artist’s Dilemma in Political Conflict”,EEUU,Woman Made Gallery (WMG),Convocatoria,Visuales,Pago,0.0,Junio,Likely_International
Convocatoria | Exposición Colectiva “Home” 2025...,Convocatoria | Exposición Colectiva “Home” 2025,Reino Unido,Glasgow Gallery of Photography,Convocatoria,Visuales,Pago,0.0,Junio,Likely_International
Convocatoria | Exposición Colectiva Urban 2025...,Convocatoria | Exposición Colectiva Urban 2025,Reino Unido,Glasgow Gallery of Photography,Convocatoria,Visuales,Pago,0.0,Junio,Likely_International
Convocatoria | Cats Exhibition + Exclusive Publica...,Convocatoria | Cats Exhibition + Exclusive Publication Edition,España,Barbagelata Contemporary Art Foundation,Convocatoria,Visuales,Pago,0.0,Junio,Likely_International
Residencia | Programa Residencia Artísticas Cerami...,Residencia | Programa Residencia Artísticas Ceramic Res,España,Co-net Art,Residencia,Diseño,Sin cargo,3456.0,Junio,Likely_International
Residencia | Ceramic Residency Program 2025-26...,Residencia | Ceramic Residency Program 2025-26,EEUU,Pittsburgh Center for Arts and Media,Residencia,Visuales,Sin cargo,500.0,Junio,Likely_International
Convocatoria | Imaginando Ciudades en el Festival ...,Convocatoria | Imaginando Ciudades en el Festival Nine Elephants,Bulgaria,Centro para la Visión Social - Festival Nine Elephants,Convocatoria,Otras,Sin cargo,216.0,Junio,Likely_International
Convocatoria | Propuestas para Exhibiciones...,Convocatoria | Propuestas para Exhibiciones,EEUU,"The Studios of Key West, Florida.",Convocatoria,Visuales,Sin cargo,0.0,Junio,Likely_International
Convocatoria | Exposición colectiva Panoramas...,Convocatoria | Exposición colectiva Panoramas,Brasil,Artly Mix,Convocatoria,Visuales,Pago,0.0,Junio,Likely_International
Beca | Capacitación y Eventos Regionales de AFAC...,Beca | Capacitación y Eventos Regionales de AFAC,Líbano,The Arab Fund for Arts and Culture - AFAC,Beca,Otras,Sin cargo,25000.0,Junio,Likely_International
Residencia | Farm Studio International Artist Resi...,Residencia | Farm Studio International Artist Residency,India,Farm Studio,Residencia,Otras,Pago,0.0,Junio,Likely_International
Convocatoria | Cuentos y Ensayos para publicación ...,Convocatoria | Cuentos y Ensayos para publicación Extra Teeth Número 10,Reino Unido,Extra Teeth Scottish magazine,Convocatoria,Literatura,Sin cargo,0.0,Junio,Likely_International
Beca | Artist Grants Summer 2025...,Beca | Artist Grants Summer 2025,EEUU,TERAVARNA Galería de arte,Beca,Visuales,Pago,2000.0,Junio,Likely_International
Convocatoria | Ilustradores para publicación...,Convocatoria | Ilustradores para publicación,Reino Unido,Extra Teeth Scottish magazine,Convocatoria,Visuales,Sin cargo,1153.75,Junio,Likely_International
Convocatoria | August 2025 Emerging Artist Solo Ex...,Convocatoria | August 2025 Emerging Artist Solo Exhibition,EEUU,ARC Gallery de Chicago,Convocatoria,Visuales,Pago,25.0,Junio,Likely_International
Residencia | Sound Studies Writing Residency “The ...,Residencia | Sound Studies Writing Residency “The Walls Have Ears”,Países Bajos,Sonic Acts - De Ateliers/Woonhuis,Residencia,Música,Sin cargo,0.0,Junio,Likely_International
Premio | June Pleinair Salon Online Art Competitio...,Premio | June Pleinair Salon Online Art Competition,EEUU,PleinAir Magazine,Premio,Visuales,Pago,15000.0,Junio,Likely_International
Convocatoria | Programa Emerging New Media Artists...,Convocatoria | Programa Emerging New Media Artists,Arabia Saudita,Diriyah Art Futures & Le Fresnoy,Convocatoria,Cine,Sin cargo,0.0,Junio,Likely_International
Convocatoria | 2025 CPI Global Connect Workshop...,Convocatoria | 2025 CPI Global Connect Workshop,Corea del Sur,Fundación Coreana para el Intercambio Cultural Internacional (KOFICE),Convocatoria,Música,Sin cargo,0.0,Junio,International
Convocatoria | Clay Films 2025...,Convocatoria | Clay Films 2025,Reino Unido,British Ceramics Biennial,Convocatoria,Cine,Sin cargo,0.0,Junio,Likely_International
Convocatoria | Convocatoria de Artículos: Co-Autho...,Convocatoria | Convocatoria de Artículos: Co-Authored Narratives,Reino Unido,"Side, Newcastle upon Tyne",Convocatoria,Cine,Sin cargo,187.5,Junio,Likely_International
Convocatoria | SEED_2065...,Convocatoria | SEED_2065,Reino Unido,The Museum of Human Violence,Convocatoria,Visuales,Sin cargo,0.0,Junio,Likely_International
Convocatoria | Hotel ACTUAL - Convocatoria para ar...,Convocatoria | Hotel ACTUAL - Convocatoria para artistas contemporáneos,España,"Festival Actual - Gobierno de La Rioja, Logroño",Convocatoria,Cine,Sin cargo,864.0,Junio,Likely_International
Residencia | Programa de Residencia Artística “Urb...,"Residencia | Programa de Residencia Artística “Urbanism and Sea”, en Kavala ",Greece,Eutopia Art Residency,Residencia,Otras,Pago,0.0,Junio,Likely_International
Residencia | AIR Vallauris (Artistas en Residencia...,Residencia | AIR Vallauris (Artistas en Residencia),Francia,A.I.R. Vallauris,Residencia,Visuales,Sin cargo,0.0,Junio,Likely_International
Residencia | Residency for Glassmakers and Artists...,Residencia | Residency for Glassmakers and Artists,República Checa,Kolodium Glass,Residencia,Diseño,Pago,0.0,Junio,Likely_International
Residencia | WilderHaven Artist Residency (WHAR) 2...,Residencia | WilderHaven Artist Residency (WHAR) 2025,China,WilderHaven Artist Residency,Residencia,Otras,Pago,0.0,Junio,Likely_International
Convocatoria | Sonic Pavilion 2025. Composiciones ...,Convocatoria | Sonic Pavilion 2025. Composiciones Sonoras Multicanal,EEUU,Experimental Sound Studio,Convocatoria,Música,Sin cargo,1000.0,Junio,Likely_International
Premio | XXVII Premio Desnivel de Literatura de Mo...,"Premio | XXVII Premio Desnivel de Literatura de Montaña, Viajes y Aventuras",España,Ediciones Desnivel,Premio,Literatura,Sin cargo,3240.0,Junio,Likely_International
Premio | XLIII Certamen Literario Francisco de Que...,Premio | XLIII Certamen Literario Francisco de Quevedo,España,"Orden Literaria ""Fco. de Quevedo”",Premio,Literatura,Sin cargo,972.0,Junio,Likely_International
Premio | XIII Edición Concurso de relato corto 202...,Premio | XIII Edición Concurso de relato corto 2025,España,Nuevo Casino Principal de Pamplona,Premio,Literatura,Sin cargo,1080.0,Junio,Likely_International
"Premio | XXXIII Edición del Certamen Literario ""Mu...","Premio | XXXIII Edición del Certamen Literario ""Mujerarte"" 2025",España,Diputación de Córdoba,Premio,Literatura,Sin cargo,1080.0,Junio,Likely_International
Premio | LIII Concurso de Cuentos José Calderón Es...,Premio | LIII Concurso de Cuentos José Calderón Escalada,España,Ayuntamiento de Reinosa,Premio,Literatura,Sin cargo,3510.0,Junio,Likely_International
Premio | XVIII Premio Nacional de Poesía Infantil ...,Premio | XVIII Premio Nacional de Poesía Infantil Charo González,España,Fundación Conrado Blanco,Premio,Literatura,Sin cargo,2160.0,Junio,Likely_International
Premio | XXXVII Premio nacional de Poesía “Conrado...,Premio | XXXVII Premio nacional de Poesía “Conrado Blanco León”,España,Fundación Conrado Blanco,Premio,Literatura,Sin cargo,2160.0,Junio,Likely_International
Premio | Primer Premio “Laura Rojas” de novela cor...,Premio | Primer Premio “Laura Rojas” de novela corta,EEUU,La Pereza Ediciones,Premio,Literatura,Sin cargo,1400.0,Junio,Likely_International
Premio | III Premio Internacional de Poesía Marpoé...,Premio | III Premio Internacional de Poesía Marpoética,España,Ayuntamiento de Marbella,Premio,Literatura,Sin cargo,0.0,Junio,International
Premio | XII Concurso de Relatos Breves “Una Histo...,Premio | XII Concurso de Relatos Breves “Una Historia en el Camino”,España,Asociación Cultural Padre Serapio. Bercianos del Real Camino,Premio,Literatura,Sin cargo,162.0,Junio,Likely_International
Convocatoria | Quinta Convocatoria Nacional de Rel...,Convocatoria | Quinta Convocatoria Nacional de Relatos de la Revista Nuevos Narradores,Perú,Maestría de Escritura Creativa de la Universidad Católica del Perú,Convocatoria,Literatura,Sin cargo,27.0,Junio,Likely_International
Premio | XLII Premio ESPASA 2025...,Premio | XLII Premio ESPASA 2025,España,"Editorial Espasa (jurídicamente Editorial Planeta, S.A.U.)",Premio,Literatura,Sin cargo,0.0,Junio,Likely_International
"Premio | V Concurso de cómic ""Universo Goya""...","Premio | V Concurso de cómic ""Universo Goya""",España,Museo Goya de Fundación Ibercaja,Premio,Literatura,Sin cargo,2160.0,Junio,Likely_International
"Premio | XXVII Certamen de Relato Corto ""Tierra de...","Premio | XXVII Certamen de Relato Corto ""Tierra de Monegros"" 2025",España,Comarca de Los Monegros,Premio,Literatura,Sin cargo,2160.0,Junio,Likely_International
Convocatoria | Premio Internacional Luigi Vanvitel...,Convocatoria | Premio Internacional Luigi Vanvitelli 2025 (2a Edición),Italia,"Premio di Poesia Città di Caserta, fondato da Maria Pia Dell'Omo e Antonio Dentice",Convocatoria,Literatura,Sin cargo,0.0,Junio,International
"Premio | Concurso de Creación Literaria ""Pallars S...","Premio | Concurso de Creación Literaria ""Pallars Sobirà"" Pirineos 2025",España,CCLPSP-2025 /J. L. Meneses,Premio,Literatura,Sin cargo,540.0,Junio,Likely_International
Premio | XVIII Certamen Internacional de Teatro Mí...,Premio | XVIII Certamen Internacional de Teatro Mínimo AnimaT.sur,España,AnimaT.sur,Premio,Escénicas,Sin cargo,1080.0,Junio,International
Beca | Becas Antonio Pereira...,Beca | Becas Antonio Pereira,España,Fundación Antonio Pereira,Beca,Literatura,Sin cargo,54000.0,Junio,Likely_International
"Premio | 18ª edición del premio ""Tristana"" de nove...","Premio | 18ª edición del premio ""Tristana"" de novela fantástica",España,Ayuntamiento de Santander,Premio,Literatura,Sin cargo,8640.0,Junio,Likely_International
"Premio | 15ª. edición del Premio ""Ricardo López Ar...","Premio | 15ª. edición del Premio ""Ricardo López Aranda"" de textos teatrales para autores jóvenes",España,Ayuntamiento de Santander,Premio,Escénicas,Sin cargo,4320.0,Junio,Likely_International
Premio | XXVII Certamen de poesía Rosalía de Castr...,Premio | XXVII Certamen de poesía Rosalía de Castro,España,Casa de Galicia en Córdoba,Premio,Literatura,Sin cargo,3240.0,Junio,Likely_International
Premio | XXIII Premio de Relato Corto ‘Calicanto’...,Premio | XXIII Premio de Relato Corto ‘Calicanto’,España,Ayuntamiento de Manzanares,Premio,Literatura,Sin cargo,648.0,Junio,Likely_International
Premio | XXIV Premio de Poesía ‘Ciega de Manzanare...,Premio | XXIV Premio de Poesía ‘Ciega de Manzanares’,España,Ayuntamiento de Manzanares,Premio,Literatura,Sin cargo,3240.0,Junio,Likely_International
Convocatoria | Cimientos Play Development Program...,Convocatoria | Cimientos Play Development Program,EEUU," IATI Theater, N.Y.",Convocatoria,Escénicas,Sin cargo,0.0,Junio,Likely_International
Premio | IX Premio Internacional del Poesía Margar...,Premio | IX Premio Internacional del Poesía Margarita Hierro,España,Fundación Centro de Poesía José Hierro,Premio,Literatura,Sin cargo,0.0,Junio,International
Premio | XXVIII Premio Literario Nostromo - L'Aven...,Premio | XXVIII Premio Literario Nostromo - L'Aventura Marítima,España,Associació Amics de Nostromo,Premio,Literatura,Sin cargo,5400.0,Junio,Likely_International
Premio |  XXXVI Certamen Literario Villa de Almora...,Premio |  XXXVI Certamen Literario Villa de Almoradí,España,Ayuntamiento de Almoradí,Premio,Literatura,Sin cargo,1080.0,Junio,Likely_International
Premio | IV Certamen Literario “Dalia Álvarez Moli...,Premio | IV Certamen Literario “Dalia Álvarez Molina”,España,Asociación Asperger Asturias,Premio,Literatura,Sin cargo,324.0,Junio,Likely_International
Premio | IV Premio Internacional de Ensayo María Z...,Premio | IV Premio Internacional de Ensayo María Zambrano,España,Diputación Provincial de Málaga,Premio,Literatura,Sin cargo,10800.0,Junio,International
Premio | XI Certamen de Poesía “El Último Templari...,"Premio | XI Certamen de Poesía “El Último Templario del Bierzo, El Señor de Bembibre”",España,Asociación Caballeros Bergidum Templi,Premio,Literatura,Sin cargo,54.0,Junio,Likely_International
Premio | XVI Concurso de Cuentos Ilustrados “Cuent...,Premio | XVI Concurso de Cuentos Ilustrados “Cuentos para la Igualdad”,España,Ayuntamiento de Dos Hermanas (Sevilla),Premio,Diseño,Sin cargo,1080.0,Junio,Likely_International
Premio | IV Premio de Poesía “Wetonia”...,Premio | IV Premio de Poesía “Wetonia”,España,Ayuntamiento de Malpartida de Plasencia (Cáceres),Premio,Literatura,Sin cargo,1080.0,Junio,Likely_International
Premio | Trigésimo Séptima Edición del Concurso Po...,Premio | Trigésimo Séptima Edición del Concurso Poético “Segovia y Su Sierra. Ángel Esteban”,España,Asociación Cultural Provincial “La Colodra”,Premio,Literatura,Sin cargo,1080.0,Junio,Likely_International
Premio | Premio Internacional de Poesía Emilio Pra...,Premio | Premio Internacional de Poesía Emilio Prados,España,Diputación Provincial de Málaga,Premio,Literatura,Sin cargo,6480.0,Junio,International
Premio | XXVIII Premio Internacional de Poesía Gen...,Premio | XXVIII Premio Internacional de Poesía Generación del 27,España,Diputación Provincial de Málaga,Premio,Literatura,Sin cargo,16200.0,Junio,International
Premio | XXXIII Premio de Poesía Ciudad de Córdoba...,"Premio | XXXIII Premio de Poesía Ciudad de Córdoba, ""Ricardo Molina”",España,Ayuntamiento de Córdoba,Premio,Literatura,Sin cargo,12960.0,Junio,Likely_International
Premio | XII Concurso El Poeta Joven del Perú...,Premio | XII Concurso El Poeta Joven del Perú,Perú,Asociación Cultural Fundación Marco Antonio Corcuera - Centro Cultural de la Universidad de Piura,Premio,Literatura,Sin cargo,4234.3,Junio,Likely_International
"Premio | VII Premio de Novela Corta ""Cristóbal Zar...","Premio | VII Premio de Novela Corta ""Cristóbal Zaragoza”",España,Ayuntamiento de Villajoyosa,Premio,Literatura,Sin cargo,5184.0,Junio,Likely_International
Premio | IX Premio Internacional de Poesía “Jorge ...,Premio | IX Premio Internacional de Poesía “Jorge Manrique”,España,Diputación de Palencia - Ayuntamiento de Paredes de Nava,Premio,Literatura,Sin cargo,6480.0,Junio,International
Premio | VII Premio Internacional de Poesía Gabrie...,Premio | VII Premio Internacional de Poesía Gabriel Celaya 2025,España,Diputación Foral de Gipuzkoa,Premio,Literatura,Sin cargo,12960.0,Junio,International
Premio | 44.ª Edición de los Premios del Tren 'Ant...,Premio | 44.ª Edición de los Premios del Tren 'Antonio Machado',España,Fundación de Los Ferrocarriles Españoles,Premio,Literatura,Sin cargo,0.0,Junio,Likely_International
Premio | XLIV Premio “Leonor” de Poesía...,Premio | XLIV Premio “Leonor” de Poesía,España,Diputación Provincial de Soria,Premio,Literatura,Sin cargo,10800.0,Junio,Likely_International
Premio | XLI Premio “Gerardo Diego” de Poesía para...,Premio | XLI Premio “Gerardo Diego” de Poesía para Autores Noveles,España,Diputación Provincial de Soria,Premio,Literatura,Sin cargo,5400.0,Junio,Likely_International
Premio | XXVIII Certamen de Relato Corto Frida Kah...,Premio | XXVIII Certamen de Relato Corto Frida Kahlo de Rivas,España,Ayuntamiento de Rivas Vaciamadrid,Premio,Literatura,Sin cargo,1728.0,Junio,Likely_International
Premio | XXIX Certamen de Narrativa Premio “María ...,Premio | XXIX Certamen de Narrativa Premio “María de Maeztu”,España,Asamblea de Mujeres de Estella-Lizarra (Navarra),Premio,Literatura,Sin cargo,1296.0,Junio,Likely_International
Premio | VI Premio de Relatos de la Villa de San J...,Premio | VI Premio de Relatos de la Villa de San Juan del Puerto “Cátedra Diego Rodríguez de Estrada”,España,IES Diego Rodríguez de Estrada - Ayuntamiento de San Juan del Puerto (Huelva),Premio,Literatura,Sin cargo,2160.0,Junio,Likely_International
Premio | XXIX Premio de Novela Corta «Salvador Gar...,Premio | XXIX Premio de Novela Corta «Salvador García Aguilar»,España,Ayuntamiento de Rojales,Premio,Literatura,Sin cargo,4320.0,Junio,Likely_International
Premio | VI Premio Internacional de Poesía Juan Ra...,Premio | VI Premio Internacional de Poesía Juan Ramón Jiménez De Coral Gables 2025,EEUU,Editorial Art-Solido,Premio,Literatura,Sin cargo,1000.0,Junio,International
Premio | VIII Premio Internacional ‘Ramos Ópticos’...,Premio | VIII Premio Internacional ‘Ramos Ópticos’ al Mejor Relato sobre Jazz,España,Festival Internacional Jazz Palencia,Premio,Música,Sin cargo,2160.0,Junio,International
Premio | II Concurso Internacional de Guiones “Bre...,Premio | II Concurso Internacional de Guiones “Break On Time”,España,ISII Group,Premio,Cine,Sin cargo,3240.0,Junio,International
Premio | Premio Lo Mejor de Nos 2025...,Premio | Premio Lo Mejor de Nos 2025,Venezuela,Banesco,Premio,Cine,Sin cargo,450.0,Junio,Likely_International
"Premio | XXII Concurso Bienal Nacional de Cuento ""...","Premio | XXII Concurso Bienal Nacional de Cuento ""Germán Patrón Candela”",Perú,CEPROCUT,Premio,Literatura,Sin cargo,810.0,Junio,Likely_International
Premio | VI Certamen de Poesía Cecilio Fernández T...,Premio | VI Certamen de Poesía Cecilio Fernández Testón,España,Ayuntamiento de Peñamellera Baja,Premio,Literatura,Sin cargo,1944.0,Junio,Likely_International
Premio | 2da Edición del Premio Literario Xperienc...,Premio | 2da Edición del Premio Literario Xperience Caixabank,España,CaixaBank y Plataforma Editorial,Premio,Literatura,Sin cargo,2160.0,Junio,Likely_International
Premio | Premio Literario “Ciutat D’Onda” de Novel...,Premio | Premio Literario “Ciutat D’Onda” de Novela 2025,España,Ayuntamiento de Onda,Premio,Literatura,Sin cargo,2160000.0,Junio,Likely_International
Premio | 47º Premio “Tigre Juan” 2025...,Premio | 47º Premio “Tigre Juan” 2025,España,Asociación Cultural “Tribuna Ciudadana”,Premio,Literatura,Sin cargo,10800.0,Junio,Likely_International
Premio | XXV Concurso de Cuentos Ciudad de Marbell...,Premio | XXV Concurso de Cuentos Ciudad de Marbella,España,Fundación José Banús y Pilar Calvo Sánchez de León,Premio,Literatura,Sin cargo,5400.0,Junio,Likely_International
Premio | II Premio Hispanoamericano de Narrativa L...,Premio | II Premio Hispanoamericano de Narrativa Las yubartas,EEUU,Feria Internacional del Libro de la Ciudad de Nueva York,Premio,Literatura,Sin cargo,4200.0,Junio,International
Premio | XLVI Premio Internacional Afundación de P...,Premio | XLVI Premio Internacional Afundación de Periodismo Julio Camba,España,Afundación,Premio,Literatura,Sin cargo,10800.0,Junio,International
Premio | Nuestra América 2025...,Premio | Nuestra América 2025,España,Diputación Provincial de Sevilla,Premio,Literatura,Sin cargo,4320.0,Junio,Likely_International
Premio | Concurso de Novela Gráfica BRMU 2025...,Premio | Concurso de Novela Gráfica BRMU 2025,España,Biblioteca Regional de Murcia,Premio,Diseño,Sin cargo,5400.0,Junio,Likely_International
Premio | VIII Premio internacional de Narrativa “C...,Premio | VIII Premio internacional de Narrativa “Ciudad de la Cruz”,España,Ayuntamiento de Caravaca de la Cruz,Premio,Literatura,Sin cargo,1620.0,Junio,International
Premio | XXXIV Premio Edebé de Literatura Infantil...,Premio | XXXIV Premio Edebé de Literatura Infantil y Juvenil,España,Edebé,Premio,Literatura,Sin cargo,27000.0,Junio,Likely_International
"Premio | Premio Asturias Joven de Poesía, Narrativ...","Premio | Premio Asturias Joven de Poesía, Narrativa y Textos Teatrales 2025",España,Principado de Asturias,Premio,Escénicas,Sin cargo,3240.0,Junio,Likely_International
"Premio | 8º Premio de Poesía Mística ""San Juan de ...","Premio | 8º Premio de Poesía Mística ""San Juan de la Cruz"" Albacara 2025",España,Ayuntamiento de Caravaca de la Cruz,Premio,Literatura,Sin cargo,0.0,Junio,Likely_International
Premio | XXXIX Premio Internacional de Poesía “Ant...,Premio | XXXIX Premio Internacional de Poesía “Antonio Oliver Belmás”,España,Universidad Popular de Cartagena,Premio,Literatura,Sin cargo,10260.0,Junio,International
Convocatoria | Concurso Literario: Macondos del Si...,Convocatoria | Concurso Literario: Macondos del Siglo XXI 2025,Perú,Fundación Universidad Hispana,Convocatoria,Literatura,Sin cargo,0.0,Junio,Likely_International
Premio | V Certamen Literario Internacional de la ...,Premio | V Certamen Literario Internacional de la Casa de La Rioja en Gipuzkoa,España,Casa de la Rioja en Gipuzkoa,Premio,Literatura,Sin cargo,432.0,Junio,International
Convocatoria | XXVII Certamen de Teatro Mínimo Raf...,Convocatoria | XXVII Certamen de Teatro Mínimo Rafael Guerrero,España,asociación cultural Taetro,Convocatoria,Escénicas,Sin cargo,0.0,Junio,Likely_International
Premio | XIV Certamen Internacional de Microrrelat...,Premio | XIV Certamen Internacional de Microrrelatos “Cardenal Mendoza”,España,Bodegas Sánchez Romate Hnos.,Premio,Literatura,Sin cargo,0.0,Junio,International
Premio | 6º Premio de Poesía Lorenzo Gomis...,Premio | 6º Premio de Poesía Lorenzo Gomis,España,Revista El Ciervo,Premio,Literatura,Sin cargo,1080.0,Junio,Likely_International
Premio | Primer Certamen de Relatos “Saber Mirar”...,Premio | Primer Certamen de Relatos “Saber Mirar”,España,Fundación Carmen Santisteban,Premio,Literatura,Sin cargo,756.0,Junio,Likely_International
Premio | XLV Premio Mundial Fernando Rielo de Poes...,Premio | XLV Premio Mundial Fernando Rielo de Poesía Mística,España,Fundación Fernando Rielo,Premio,Literatura,Sin cargo,7560.0,Junio,Likely_International
Premio | 10.ª Edición del Premio de Cuento Santiag...,Premio | 10.ª Edición del Premio de Cuento Santiago Anzola Omaña 2025,Venezuela,Premio Santiago Anzola Omaña,Premio,Literatura,Sin cargo,0.0,Junio,Likely_International
Premio | Premio Internacional de Poesía 'Miguel He...,Premio | Premio Internacional de Poesía 'Miguel Hernández-Comunidad Valenciana 2026’,España,Fundación Cultural Miguel Hernández,Premio,Literatura,Sin cargo,8640.0,Junio,International
Premio |  XXV Premio Internacional de Relato Corto...,"Premio |  XXV Premio Internacional de Relato Corto ""Encarna León”",España,Ciudad Autónoma de Melilla,Premio,Literatura,Sin cargo,6480.0,Junio,International
Fondos | Ayuda a la circulación de profesionales d...,Fondos | Ayuda a la circulación de profesionales de la música 2025,Múltiples Países,Ibermúsicas,Fondos,Música,Sin cargo,8640.0,Junio,Likely_International
Fondos | Ayuda a artistas e investigadores para re...,Fondos | Ayuda a artistas e investigadores para residencias 2025,Múltiples Países,Ibermúsicas,Fondos,Música,Sin cargo,5400.0,Junio,Likely_International
Fondos | Ayuda a instituciones para residencias 20...,Fondos | Ayuda a instituciones para residencias 2025,Múltiples Países,Ibermúsicas,Fondos,Música,Sin cargo,5400.0,Junio,Likely_International
Convocatoria | Programa ARTBO Tutor 2025...,Convocatoria | Programa ARTBO Tutor 2025,Colombia,Cámara de Comercio de Bogotá,Convocatoria,Visuales,Sin cargo,0.0,Junio,Likely_International
Residencia | Residencias Creativas Las Cigarreras ...,Residencia | Residencias Creativas Las Cigarreras 2025,España,Ayuntamiento de Alicante,Residencia,Visuales,Sin cargo,3132.0,Junio,Likely_International
Premio | IV edición del Premio Europeo Carmen Mate...,Premio | IV edición del Premio Europeo Carmen Mateu para Jóvenes Artistas de Ópera y Danza,España,Fundación Privada Castell de Peralada,Premio,Escénicas,Sin cargo,43200.0,Junio,Likely_International
Residencia | X-Reality-Lab Artist-in-Residence Pro...,Residencia | X-Reality-Lab Artist-in-Residence Programme,Austria,Universidad Mozarteum de Salzburgo,Residencia,Música,Sin cargo,43200.0,Junio,Likely_International
Residencia︱Pax Kultura Artist Residence...,Residencia︱Pax Kultura Artist Residence,Malta,Culture Directorate Malta,Residencia,Otras,Sin cargo,32400.0,Junio,Likely_International
Residencia | Programa de Escritores en Residencia ...,Residencia | Programa de Escritores en Residencia 2026,Hong Kong,Taller Internacional de Escritores (IWW) de Hong Kong Baptist University,Residencia,Literatura,Sin cargo,0.0,Junio,International
Beca | Beca Werner Fenz para Arte en el Espacio Pú...,Beca | Beca Werner Fenz para Arte en el Espacio Público 2026,Austria,steirischer herbst festival y la Ciudad de Graz,Beca,Diseño,Sin cargo,18360.0,Junio,Likely_International
Beca | Programa FIAS Becas 2026-2027...,Beca | Programa FIAS Becas 2026-2027,Francia,Programa de Becas de los Institutos Franceses de Estudios Avanzados,Beca,Otras,Sin cargo,2376.0,Junio,Likely_International
Convocatoria | IMPACT25 ‘Countercrafts: On Practic...,"Convocatoria | IMPACT25 ‘Countercrafts: On Practices of Resistance, Repair and Reworlding’",Alemania,"PACT Zollverein, Essen",Convocatoria,Otras,Sin cargo,0.0,Junio,Likely_International
Convocatoria | Art On Lincoln Road...,Convocatoria | Art On Lincoln Road,EEUU,Distrito de Mejora Comercial de Lincoln Road,Convocatoria,Visuales,Sin cargo,75000.0,Junio,Likely_International
Premio | Concurso de Composición para Cuartetos so...,Premio | Concurso de Composición para Cuartetos sobre el Río Támesis,Reino Unido,County Hall Arts (CHA),Premio,Música,Sin cargo,43200.0,Junio,Likely_International
Convocatoria | Fukt #23 – The Sound Issue...,Convocatoria | Fukt #23 – The Sound Issue,Noruega,FUKT Magazine for Drawing,Convocatoria,Visuales,Sin cargo,0.0,Junio,Likely_International
Premio | CIRCA Prize 2025...,Premio | CIRCA Prize 2025,Reino Unido,CIRCA,Premio,Música,Sin cargo,37500.0,Junio,Likely_International
Convocatoria | Sound Installation of Youth Activis...,Convocatoria | Sound Installation of Youth Activist Voices,EEUU,"Human Impacts Institute (HII), New York",Convocatoria,Música,Sin cargo,5500.0,Junio,Likely_International
Convocatoria | The 19th Busan International Video ...,Convocatoria | The 19th Busan International Video Art Festival,Corea del Sur,Busan International Video Art Festival,Convocatoria,Cine,Sin cargo,0.0,Junio,Likely_International
Convocatoria | Tbilisi Landscape Modeling Workshop...,Convocatoria | Tbilisi Landscape Modeling Workshop,Georgia,Ubani — Tbilisi Cityscape Research Center,Convocatoria,Diseño,Sin cargo,0.0,Junio,Likely_International
Premio | COPIC Award 2025...,Premio | COPIC Award 2025,Japón,Too Marker Products,Premio,Visuales,Sin cargo,10.05,Junio,Likely_International
Convocatoria | The PROJECT ROOM to create new site...,Convocatoria | The PROJECT ROOM to create new site-specific work,EEUU,"Locust Projects,  Miami, Fl",Convocatoria,Visuales,Sin cargo,5000.0,Junio,Likely_International
Convocatoria | Exposición The Signal. The Noise. L...,Convocatoria | Exposición The Signal. The Noise. London,Reino Unido,PAI32,Convocatoria,Visuales,Pago,31.25,Junio,Likely_International
Convocatoria | Public Art Commission: Artist Expre...,Convocatoria | Public Art Commission: Artist Expression of Interest,Reino Unido,"Hastings Museum and Art Gallery, Hastings, East Sussex",Convocatoria,Diseño,Sin cargo,112500.0,Junio,Likely_International
Residencia | Hub Feenix Artist Residency...,Residencia | Hub Feenix Artist Residency,Finlandia,Hub Feenix Residency,Residencia,Otras,Pago,540.0,Junio,Likely_International
Residencia | Curators’ Agenda (C’A) Program Vienna...,Residencia | Curators’ Agenda (C’A) Program Vienna 2025,Austria,DAS WEISSE HAUS,Residencia,Otras,Pago,54.0,Junio,Likely_International
Convocatoria | Escuela del Conocimiento Común 2025...,Convocatoria | Escuela del Conocimiento Común 2025,España,Museo Reina Sofía and MACBA Museu d’Art Contemporani de Barcelona,Convocatoria,Otras,Pago,324.0,Junio,Likely_International
Premio | IV Bienal de Pintura Mª Isabel Comenge 20...,Premio | IV Bienal de Pintura Mª Isabel Comenge 2025,España,Fundación Juan José Castellano Comenge,Premio,Visuales,Sin cargo,0.0,Junio,Likely_International
Convocatoria | Patio Talento FLORA 2025 – Instalac...,Convocatoria | Patio Talento FLORA 2025 – Instalación Floral,España,Festival Flora,Convocatoria,Visuales,Sin cargo,27000.0,Junio,Likely_International
Convocatoria | 35º Festival Internacional Message ...,Convocatoria | 35º Festival Internacional Message to Man,Rusia,Festival Internacional Message to Man,Convocatoria,Cine,Pago,21.6,Junio,International
Convocatoria | XXVII Certamen Internacional de Cor...,"Convocatoria | XXVII Certamen Internacional de Cortos ""Ciudad de Soria""",España,"Certamen Internacional de Cortos ""Ciudad de Soria"" ",Convocatoria,Cine,Sin cargo,540.0,Junio,International
Premio | 48.ª edición del Premio SM de Literatura ...,Premio | 48.ª edición del Premio SM de Literatura Juvenil Gran Angular 2026,España,Fundación SM,Premio,Literatura,Sin cargo,37800.0,Junio,Likely_International
Premio | III Edición KBr Photo Award 2025...,Premio | III Edición KBr Photo Award 2025,España,Fundación MAPFRE,Premio,Visuales,Sin cargo,27000.0,Junio,Likely_International
Fondos | Ayuda a la especialización y el perfeccio...,Fondos | Ayuda a la especialización y el perfeccionamiento artístico y técnico,Múltiples Países,Ibermúsicas,Fondos,Música,Sin cargo,1080.0,Junio,Likely_International
Premio | Premio Ibermúsicas de composición de obra...,Premio | Premio Ibermúsicas de composición de obra para Banda Sinfónica,Múltiples Países,Ibermúsicas,Premio,Música,Sin cargo,2700.0,Junio,Likely_International
Premio | NY Product Design Awards 2025 - Season 2...,Premio | NY Product Design Awards 2025 - Season 2,EEUU,NY Product Design Awards,Premio,Diseño,Pago,30.0,Junio,Likely_International
Convocatoria | Festival Internacional de Documenta...,"Convocatoria | Festival Internacional de Documentales de Santiago, FIDOCS 2025",Chile,Festival Internacional de Documentales de Santiago,Convocatoria,Cine,Pago,2.2,Junio,International
Residencia | Phi Immersive: Xr For Impact...,Residencia | Phi Immersive: Xr For Impact,Canadá,PHI Studio,Residencia,Visuales,Sin cargo,7400.0,Junio,Likely_International
Convocatoria | International Symposium For Visual ...,Convocatoria | International Symposium For Visual Culture & Exhibition 2025,Corea del Sur,CICA Museum,Convocatoria,Visuales,Sin cargo,0.0,Junio,Likely_International
Convocatoria | The Happening 2025...,Convocatoria | The Happening 2025,Letonia,Balcia Insurance,Convocatoria,Visuales,Sin cargo,540.0,Junio,Likely_International
Convocatoria | Bodyspaces – Canvas International A...,Convocatoria | Bodyspaces – Canvas International Art Fair 2025,Reino Unido,ITSLIQUID Group,Convocatoria,Visuales,Sin cargo,0.0,Junio,Likely_International
Beca | Beca de Archivos Arraigados y Relacionales...,Beca | Beca de Archivos Arraigados y Relacionales,EEUU,Centro de Estudios Puertorriqueños del Hunter College,Beca,Otras,Sin cargo,20000.0,Junio,Likely_International
Premio | Concurso de Fotografía SUGi x NAVA 2025...,Premio | Concurso de Fotografía SUGi x NAVA 2025,EEUU,SUGi y NAVA Contemporary,Premio,Visuales,Sin cargo,250.0,Junio,Likely_International
Residencia | RAi Residency 2025...,Residencia | RAi Residency 2025,Emiratos Árabes Unidos,"Rizq Art Initiative, Internacional",Residencia,Visuales,Sin cargo,0.0,Junio,International
Convocatoria | Projects: Compass Festival 2026...,Convocatoria | Projects: Compass Festival 2026,Reino Unido,"Compass Festival, Leeds",Convocatoria,Otras,Sin cargo,6250.0,Junio,Likely_International
Convocatoria | TERANG 2025 — Projection Mapping Co...,Convocatoria | TERANG 2025 — Projection Mapping Competition,Malasia,TERANG 2025 - Festival de George Town 2025,Convocatoria,Cine,Sin cargo,0.0,Junio,Likely_International
Residencia | Site Specific 2025...,Residencia | Site Specific 2025,España,AADK España,Residencia,Escénicas,Pago,0.0,Junio,Likely_International
Residencia | Long Term Residency - Producción...,Residencia | Long Term Residency - Producción,Brasil,Uberbau_house,Residencia,Visuales,Sin cargo,560.0,Junio,Likely_International
Residencia | Residencia Joya: arte + ecología Sep/...,Residencia | Residencia Joya: arte + ecología Sep/Oct/Nov 2025,España,Joya AiR,Residencia,Otras,Sin cargo,432.0,Junio,Likely_International
Oportunidad | Convocatoria Internacional para el P...,Oportunidad | Convocatoria Internacional para el Proceso de Selección de Director(a) General de la Orquesta Sinfónica de San Luis Potosí,México,Secretaría de Cultura - Gobierno del Estado de San Luis Potosí,Oportunidad,Música,Sin cargo,0.0,Junio,International
Residencia | Programa de Residencias Dwell Here 20...,Residencia | Programa de Residencias Dwell Here 2026,Irlanda,IMMA - Irish Museum of Modern Art,Residencia,Diseño,Sin cargo,0.0,Junio,Likely_International
Fondos | Ayuda a proyectos virtuales...,Fondos | Ayuda a proyectos virtuales,Múltiples Países,Ibermúsicas,Fondos,Música,Sin cargo,2700.0,Junio,Likely_International
Fondos | Ayuda a la promoción del repertorio ibero...,Fondos | Ayuda a la promoción del repertorio iberoamericano,Múltiples Países,Ibermúsicas,Fondos,Música,Sin cargo,2700.0,Junio,Likely_International
Premio | Premio Ibermúsicas de canción para las in...,Premio | Premio Ibermúsicas de canción para las infancias,Múltiples Países,Ibermúsicas,Premio,Música,Sin cargo,2160.0,Junio,Likely_International
Convocatoria | Convocatoria especial Ibermúsicas –...,Convocatoria | Convocatoria especial Ibermúsicas – Mid Atlantic Arts,Múltiples Países,Ibermúsicas - Mid Atlantic Arts,Convocatoria,Música,Sin cargo,5400.0,Junio,Likely_International
Convocatoria | Convocatoria especial Ibermúsicas –...,Convocatoria | Convocatoria especial Ibermúsicas – Emilia-Romagna,Múltiples Países,Ibermúsicas - Ater Fondazione,Convocatoria,Música,Sin cargo,10800.0,Junio,Likely_International
