País,Categoría,Nombre,Og_Resumida
Colombia,Convocatoria,Fotomaratón 2024,
,Premio,Open Call August 2024: Still Life,
,Convocatoria,Concurso Internacional de Diseño,
,Convocatoria,2024 Annual Juried Photography Show & Sale,
Chile,Premio,Premio Ca.Sa 2024,
,Convocatoria,II Miniprint Internacional Galicia 2024,
,Beca,Open Call 2024: Becas Fundación Ama Amoedo,
,Premio,International Open Art Competition 2024,
,Convocatoria,Photography 4 Humanity 2024,
,Convocatoria,Future Stars: 5th Edition,
,Convocatoria,Small Works 2024,
,Convocatoria,Spotlight Awards 2024,
